<?xml version="1.0" encoding="us-ascii"?>
<!--XBRL document created by RR Donnelley Tagger version 10.0.0.125; Copyright (C) RR Donnelley-->
<!--Based on XBRL 2.1-->
<link:linkbase xmlns:xbrldt="http://xbrl.org/2005/xbrldt" xmlns:xsi="http://www.w3.org/2001/XMLSchema-instance" xmlns="http://www.xbrl.org/2003/linkbase" xmlns:link="http://www.xbrl.org/2003/linkbase" xmlns:xlink="http://www.w3.org/1999/xlink" xsi:schemaLocation="http://www.xbrl.org/2003/linkbase http://www.xbrl.org/2003/xbrl-linkbase-2003-12-31.xsd">
  <link:roleRef xlink:type="simple" xlink:href="gme-20110129.xsd#StatementOfStockholdersEquity" roleURI="http://gamestop.com/role/StatementOfStockholdersEquity" />
  <link:arcroleRef xlink:type="simple" xlink:href="http://www.xbrl.org/2005/xbrldt-2005.xsd#hypercube-dimension" arcroleURI="http://xbrl.org/int/dim/arcrole/hypercube-dimension" />
  <link:arcroleRef xlink:type="simple" xlink:href="http://www.xbrl.org/2005/xbrldt-2005.xsd#dimension-domain" arcroleURI="http://xbrl.org/int/dim/arcrole/dimension-domain" />
  <link:arcroleRef xlink:type="simple" xlink:href="http://www.xbrl.org/2005/xbrldt-2005.xsd#dimension-default" arcroleURI="http://xbrl.org/int/dim/arcrole/dimension-default" />
  <link:arcroleRef xlink:type="simple" xlink:href="http://www.xbrl.org/2005/xbrldt-2005.xsd#domain-member" arcroleURI="http://xbrl.org/int/dim/arcrole/domain-member" />
  <link:arcroleRef xlink:type="simple" xlink:href="http://www.xbrl.org/2005/xbrldt-2005.xsd#all" arcroleURI="http://xbrl.org/int/dim/arcrole/all" />
  <link:definitionLink xlink:type="extended" xlink:role="http://gamestop.com/role/StatementOfStockholdersEquity" xlink:title="0130 - Statement - Consolidated Statements of Changes in Equity">
    <link:loc xlink:type="locator" xlink:href="http://taxonomies.xbrl.us/us-gaap/2009/elts/us-gaap-2009-01-31.xsd#us-gaap_StatementTable" xlink:label="us-gaap_StatementTable" />
    <link:loc xlink:type="locator" xlink:href="http://taxonomies.xbrl.us/us-gaap/2009/elts/us-gaap-2009-01-31.xsd#us-gaap_StatementEquityComponentsAxis" xlink:label="us-gaap_StatementEquityComponentsAxis" />
    <link:loc xlink:type="locator" xlink:href="http://taxonomies.xbrl.us/us-gaap/2009/elts/us-gaap-2009-01-31.xsd#us-gaap_EquityComponentDomain" xlink:label="us-gaap_EquityComponentDomain" />
    <link:loc xlink:type="locator" xlink:href="http://taxonomies.xbrl.us/us-gaap/2009/elts/us-gaap-2009-01-31.xsd#us-gaap_ParentMember" xlink:label="us-gaap_ParentMember" />
    <link:loc xlink:type="locator" xlink:href="http://taxonomies.xbrl.us/us-gaap/2009/elts/us-gaap-2009-01-31.xsd#us-gaap_CommonStockMember" xlink:label="us-gaap_CommonStockMember" />
    <link:loc xlink:type="locator" xlink:href="http://taxonomies.xbrl.us/us-gaap/2009/elts/us-gaap-2009-01-31.xsd#us-gaap_AdditionalPaidInCapitalMember" xlink:label="us-gaap_AdditionalPaidInCapitalMember" />
    <link:loc xlink:type="locator" xlink:href="http://taxonomies.xbrl.us/us-gaap/2009/elts/us-gaap-2009-01-31.xsd#us-gaap_AccumulatedOtherComprehensiveIncomeMember" xlink:label="us-gaap_AccumulatedOtherComprehensiveIncomeMember" />
    <link:loc xlink:type="locator" xlink:href="http://taxonomies.xbrl.us/us-gaap/2009/elts/us-gaap-2009-01-31.xsd#us-gaap_RetainedEarningsMember" xlink:label="us-gaap_RetainedEarningsMember" />
    <link:loc xlink:type="locator" xlink:href="http://taxonomies.xbrl.us/us-gaap/2009/elts/us-gaap-2009-01-31.xsd#us-gaap_NoncontrollingInterestMember" xlink:label="us-gaap_NoncontrollingInterestMember" />
    <link:loc xlink:type="locator" xlink:href="http://taxonomies.xbrl.us/us-gaap/2009/elts/us-gaap-2009-01-31.xsd#us-gaap_StatementLineItems" xlink:label="us-gaap_StatementLineItems" />
    <link:loc xlink:type="locator" xlink:href="http://taxonomies.xbrl.us/us-gaap/2009/elts/us-gaap-2009-01-31.xsd#us-gaap_StockholdersEquityIncludingPortionAttributableToNoncontrollingInterest" xlink:label="us-gaap_StockholdersEquityIncludingPortionAttributableToNoncontrollingInterest" />
    <link:loc xlink:type="locator" xlink:href="http://taxonomies.xbrl.us/us-gaap/2009/elts/us-gaap-2009-01-31.xsd#us-gaap_SharesIssued" xlink:label="us-gaap_SharesIssued" />
    <link:loc xlink:type="locator" xlink:href="http://taxonomies.xbrl.us/us-gaap/2009/elts/us-gaap-2009-01-31.xsd#us-gaap_MinorityInterestDecreaseFromRedemptions" xlink:label="us-gaap_MinorityInterestDecreaseFromRedemptions" />
    <link:loc xlink:type="locator" xlink:href="http://taxonomies.xbrl.us/us-gaap/2009/elts/us-gaap-2009-01-31.xsd#us-gaap_OtherComprehensiveIncomeLossNetOfTaxPeriodIncreaseDecreaseAbstract" xlink:label="us-gaap_OtherComprehensiveIncomeLossNetOfTaxPeriodIncreaseDecreaseAbstract" />
    <link:loc xlink:type="locator" xlink:href="http://taxonomies.xbrl.us/us-gaap/2009/elts/us-gaap-2009-01-31.xsd#us-gaap_ProfitLoss" xlink:label="us-gaap_ProfitLoss" />
    <link:loc xlink:type="locator" xlink:href="http://taxonomies.xbrl.us/us-gaap/2009/elts/us-gaap-2009-01-31.xsd#us-gaap_OtherComprehensiveIncomeForeignCurrencyTransactionAndTranslationAdjustmentNetOfTaxPeriodIncreaseDecrease" xlink:label="us-gaap_OtherComprehensiveIncomeForeignCurrencyTransactionAndTranslationAdjustmentNetOfTaxPeriodIncreaseDecrease" />
    <link:loc xlink:type="locator" xlink:href="http://taxonomies.xbrl.us/us-gaap/2009/elts/us-gaap-2009-01-31.xsd#us-gaap_ComprehensiveIncomeNetOfTax" xlink:label="us-gaap_ComprehensiveIncomeNetOfTax" />
    <link:loc xlink:type="locator" xlink:href="http://taxonomies.xbrl.us/us-gaap/2009/elts/us-gaap-2009-01-31.xsd#us-gaap_AdjustmentsToAdditionalPaidInCapitalSharebasedCompensationRequisiteServicePeriodRecognitionValue" xlink:label="us-gaap_AdjustmentsToAdditionalPaidInCapitalSharebasedCompensationRequisiteServicePeriodRecognitionValue" />
    <link:loc xlink:type="locator" xlink:href="http://taxonomies.xbrl.us/us-gaap/2009/elts/us-gaap-2009-01-31.xsd#us-gaap_StockRepurchasedDuringPeriodValue" xlink:label="us-gaap_StockRepurchasedDuringPeriodValue" />
    <link:loc xlink:type="locator" xlink:href="http://taxonomies.xbrl.us/us-gaap/2009/elts/us-gaap-2009-01-31.xsd#us-gaap_StockRepurchasedDuringPeriodShares" xlink:label="us-gaap_StockRepurchasedDuringPeriodShares" />
    <link:loc xlink:type="locator" xlink:href="gme-20110129.xsd#gme_ExerciseOfStockOptionsAndIssuanceOfSharesUponVestingOfRestrictedStockGrants" xlink:label="gme_ExerciseOfStockOptionsAndIssuanceOfSharesUponVestingOfRestrictedStockGrants" />
    <link:loc xlink:type="locator" xlink:href="gme-20110129.xsd#gme_ExerciseOfStockOptionsAndIssuanceOfSharesUponVestingOfRestrictedStockGrantsShares" xlink:label="gme_ExerciseOfStockOptionsAndIssuanceOfSharesUponVestingOfRestrictedStockGrantsShares" />
    <link:definitionArc xlink:type="arc" xlink:arcrole="http://xbrl.org/int/dim/arcrole/hypercube-dimension" xlink:from="us-gaap_StatementTable" xlink:to="us-gaap_StatementEquityComponentsAxis" order="1" />
    <link:definitionArc xlink:type="arc" xlink:arcrole="http://xbrl.org/int/dim/arcrole/dimension-domain" xlink:from="us-gaap_StatementEquityComponentsAxis" xlink:to="us-gaap_EquityComponentDomain" order="1" />
    <link:definitionArc xlink:type="arc" xlink:arcrole="http://xbrl.org/int/dim/arcrole/domain-member" xlink:from="us-gaap_EquityComponentDomain" xlink:to="us-gaap_ParentMember" order="1" />
    <link:definitionArc xlink:type="arc" xlink:arcrole="http://xbrl.org/int/dim/arcrole/domain-member" xlink:from="us-gaap_ParentMember" xlink:to="us-gaap_CommonStockMember" order="1" />
    <link:definitionArc xlink:type="arc" xlink:arcrole="http://xbrl.org/int/dim/arcrole/domain-member" xlink:from="us-gaap_ParentMember" xlink:to="us-gaap_AdditionalPaidInCapitalMember" order="2" />
    <link:definitionArc xlink:type="arc" xlink:arcrole="http://xbrl.org/int/dim/arcrole/domain-member" xlink:from="us-gaap_ParentMember" xlink:to="us-gaap_AccumulatedOtherComprehensiveIncomeMember" order="3" />
    <link:definitionArc xlink:type="arc" xlink:arcrole="http://xbrl.org/int/dim/arcrole/domain-member" xlink:from="us-gaap_ParentMember" xlink:to="us-gaap_RetainedEarningsMember" order="4" />
    <link:definitionArc xlink:type="arc" xlink:arcrole="http://xbrl.org/int/dim/arcrole/domain-member" xlink:from="us-gaap_EquityComponentDomain" xlink:to="us-gaap_NoncontrollingInterestMember" order="2" />
    <link:definitionArc xlink:type="arc" xlink:arcrole="http://xbrl.org/int/dim/arcrole/all" xlink:from="us-gaap_StatementLineItems" xlink:to="us-gaap_StatementTable" order="2" xbrldt:closed="true" xbrldt:contextElement="segment" />
    <link:definitionArc xlink:type="arc" xlink:arcrole="http://xbrl.org/int/dim/arcrole/domain-member" xlink:from="us-gaap_StatementLineItems" xlink:to="us-gaap_StockholdersEquityIncludingPortionAttributableToNoncontrollingInterest" order="1" />
    <link:definitionArc xlink:type="arc" xlink:arcrole="http://xbrl.org/int/dim/arcrole/domain-member" xlink:from="us-gaap_StatementLineItems" xlink:to="us-gaap_SharesIssued" order="2" />
    <link:definitionArc xlink:type="arc" xlink:arcrole="http://xbrl.org/int/dim/arcrole/domain-member" xlink:from="us-gaap_StatementLineItems" xlink:to="us-gaap_MinorityInterestDecreaseFromRedemptions" order="3" />
    <link:definitionArc xlink:type="arc" xlink:arcrole="http://xbrl.org/int/dim/arcrole/domain-member" xlink:from="us-gaap_StatementLineItems" xlink:to="us-gaap_OtherComprehensiveIncomeLossNetOfTaxPeriodIncreaseDecreaseAbstract" order="4" />
    <link:definitionArc xlink:type="arc" xlink:arcrole="http://xbrl.org/int/dim/arcrole/domain-member" xlink:from="us-gaap_OtherComprehensiveIncomeLossNetOfTaxPeriodIncreaseDecreaseAbstract" xlink:to="us-gaap_ProfitLoss" order="1" />
    <link:definitionArc xlink:type="arc" xlink:arcrole="http://xbrl.org/int/dim/arcrole/domain-member" xlink:from="us-gaap_OtherComprehensiveIncomeLossNetOfTaxPeriodIncreaseDecreaseAbstract" xlink:to="us-gaap_OtherComprehensiveIncomeForeignCurrencyTransactionAndTranslationAdjustmentNetOfTaxPeriodIncreaseDecrease" order="2" />
    <link:definitionArc xlink:type="arc" xlink:arcrole="http://xbrl.org/int/dim/arcrole/domain-member" xlink:from="us-gaap_OtherComprehensiveIncomeLossNetOfTaxPeriodIncreaseDecreaseAbstract" xlink:to="us-gaap_ComprehensiveIncomeNetOfTax" order="3" />
    <link:definitionArc xlink:type="arc" xlink:arcrole="http://xbrl.org/int/dim/arcrole/domain-member" xlink:from="us-gaap_StatementLineItems" xlink:to="us-gaap_AdjustmentsToAdditionalPaidInCapitalSharebasedCompensationRequisiteServicePeriodRecognitionValue" order="5" />
    <link:definitionArc xlink:type="arc" xlink:arcrole="http://xbrl.org/int/dim/arcrole/domain-member" xlink:from="us-gaap_StatementLineItems" xlink:to="us-gaap_StockRepurchasedDuringPeriodValue" order="6" />
    <link:definitionArc xlink:type="arc" xlink:arcrole="http://xbrl.org/int/dim/arcrole/domain-member" xlink:from="us-gaap_StatementLineItems" xlink:to="us-gaap_StockRepurchasedDuringPeriodShares" order="7" />
    <link:definitionArc xlink:type="arc" xlink:arcrole="http://xbrl.org/int/dim/arcrole/domain-member" xlink:from="us-gaap_StatementLineItems" xlink:to="gme_ExerciseOfStockOptionsAndIssuanceOfSharesUponVestingOfRestrictedStockGrants" order="8" />
    <link:definitionArc xlink:type="arc" xlink:arcrole="http://xbrl.org/int/dim/arcrole/domain-member" xlink:from="us-gaap_StatementLineItems" xlink:to="gme_ExerciseOfStockOptionsAndIssuanceOfSharesUponVestingOfRestrictedStockGrantsShares" order="9" />
  </link:definitionLink>
  <link:definitionLink xlink:type="extended" xlink:role="http://gamestop.com/role/StatementOfStockholdersEquity" xlink:title="0130 - Statement - Consolidated Statements of Changes in Equity">
    <link:loc xlink:type="locator" xlink:href="http://taxonomies.xbrl.us/us-gaap/2009/elts/us-gaap-2009-01-31.xsd#us-gaap_StatementEquityComponentsAxis" xlink:label="us-gaap_StatementEquityComponentsAxis" />
    <link:loc xlink:type="locator" xlink:href="http://taxonomies.xbrl.us/us-gaap/2009/elts/us-gaap-2009-01-31.xsd#us-gaap_EquityComponentDomain" xlink:label="us-gaap_EquityComponentDomain" />
    <link:definitionArc xlink:type="arc" xlink:arcrole="http://xbrl.org/int/dim/arcrole/dimension-default" xlink:from="us-gaap_StatementEquityComponentsAxis" xlink:to="us-gaap_EquityComponentDomain" order="1" />
  </link:definitionLink>
</link:linkbase>
