<?xml version="1.0" encoding="us-ascii" standalone="no"?>
<!--XBRL document created with Bowne Tagger XBRL Enabler by Bowne Software version 10.0.0.42-->
<!--Based on XBRL 2.1-->
<linkbase xmlns="http://www.xbrl.org/2003/linkbase" xmlns:xsi="http://www.w3.org/2001/XMLSchema-instance" xmlns:xlink="http://www.w3.org/1999/xlink" xsi:schemaLocation="http://www.xbrl.org/2003/linkbase http://www.xbrl.org/2003/xbrl-linkbase-2003-12-31.xsd">
  <roleRef xlink:type="simple" xlink:href="gme-20110129.xsd#BalanceSheets" roleURI="http://gamestop.com/role/BalanceSheets" />
  <roleRef xlink:type="simple" xlink:href="gme-20110129.xsd#BalanceSheetsParenthetical" roleURI="http://gamestop.com/role/BalanceSheetsParenthetical" />
  <roleRef xlink:type="simple" xlink:href="gme-20110129.xsd#StatementsOfOperations" roleURI="http://gamestop.com/role/StatementsOfOperations" />
  <roleRef xlink:type="simple" xlink:href="gme-20110129.xsd#Debt" roleURI="http://gamestop.com/role/Debt" />
  <roleRef xlink:type="simple" xlink:href="gme-20110129.xsd#IncomeTaxes" roleURI="http://gamestop.com/role/IncomeTaxes" />
  <roleRef xlink:type="simple" xlink:href="gme-20110129.xsd#CertainRelationshipsAndRelatedTransactions" roleURI="http://gamestop.com/role/CertainRelationshipsAndRelatedTransactions" />
  <roleRef xlink:type="simple" xlink:href="gme-20110129.xsd#CommitmentsAndContingencies" roleURI="http://gamestop.com/role/CommitmentsAndContingencies" />
  <roleRef xlink:type="simple" xlink:href="gme-20110129.xsd#SignificantProducts" roleURI="http://gamestop.com/role/SignificantProducts" />
  <roleRef xlink:type="simple" xlink:href="gme-20110129.xsd#SegmentInformation" roleURI="http://gamestop.com/role/SegmentInformation" />
  <roleRef xlink:type="simple" xlink:href="gme-20110129.xsd#SupplementalCashFlowInformation" roleURI="http://gamestop.com/role/SupplementalCashFlowInformation" />
  <roleRef xlink:type="simple" xlink:href="gme-20110129.xsd#ConsolidatingFinancialStatements" roleURI="http://gamestop.com/role/ConsolidatingFinancialStatements" />
  <roleRef xlink:type="simple" xlink:href="gme-20110129.xsd#FairValueMeasurementsAndFinancialInstruments" roleURI="http://gamestop.com/role/FairValueMeasurementsAndFinancialInstruments" />
  <roleRef xlink:type="simple" xlink:href="gme-20110129.xsd#DocumentAndEntityInformation" roleURI="http://gamestop.com/role/DocumentAndEntityInformation" />
  <roleRef xlink:type="simple" xlink:href="gme-20110129.xsd#ComputationOfNetIncomePerCommonShare" roleURI="http://gamestop.com/role/ComputationOfNetIncomePerCommonShare" />
  <roleRef xlink:type="simple" xlink:href="gme-20110129.xsd#StatementOfStockholdersEquity" roleURI="http://gamestop.com/role/StatementOfStockholdersEquity" />
  <roleRef xlink:type="simple" xlink:href="gme-20110129.xsd#StatementOfStockholdersEquityParenthetical" roleURI="http://gamestop.com/role/StatementOfStockholdersEquityParenthetical" />
  <roleRef xlink:type="simple" xlink:href="gme-20110129.xsd#StatementsOfCashFlows" roleURI="http://gamestop.com/role/StatementsOfCashFlows" />
  <roleRef xlink:type="simple" xlink:href="gme-20110129.xsd#SummaryOfSignificantAccountingPolicies" roleURI="http://gamestop.com/role/SummaryOfSignificantAccountingPolicies" />
  <roleRef xlink:type="simple" xlink:href="gme-20110129.xsd#Acquisitions" roleURI="http://gamestop.com/role/Acquisitions" />
  <roleRef xlink:type="simple" xlink:href="gme-20110129.xsd#VendorArrangements" roleURI="http://gamestop.com/role/VendorArrangements" />
  <roleRef xlink:type="simple" xlink:href="gme-20110129.xsd#ReceivablesNet" roleURI="http://gamestop.com/role/ReceivablesNet" />
  <roleRef xlink:type="simple" xlink:href="gme-20110129.xsd#AccruedLiabilities" roleURI="http://gamestop.com/role/AccruedLiabilities" />
  <roleRef xlink:type="simple" xlink:href="gme-20110129.xsd#GoodwillIntangibleAssetsAndDeferredFinancingFees" roleURI="http://gamestop.com/role/GoodwillIntangibleAssetsAndDeferredFinancingFees" />
  <roleRef xlink:type="simple" xlink:href="gme-20110129.xsd#Leases" roleURI="http://gamestop.com/role/Leases" />
  <roleRef xlink:type="simple" xlink:href="gme-20110129.xsd#StockIncentivePlan" roleURI="http://gamestop.com/role/StockIncentivePlan" />
  <roleRef xlink:type="simple" xlink:href="gme-20110129.xsd#EmployeesDefinedContributionPlan" roleURI="http://gamestop.com/role/EmployeesDefinedContributionPlan" />
  <roleRef xlink:type="simple" xlink:href="gme-20110129.xsd#ShareholdersEquity" roleURI="http://gamestop.com/role/ShareholdersEquity" />
  <roleRef xlink:type="simple" xlink:href="gme-20110129.xsd#QuarterlyFinancialInformation" roleURI="http://gamestop.com/role/QuarterlyFinancialInformation" />
  <roleRef xlink:type="simple" xlink:href="gme-20110129.xsd#ValuationAndQualifyingAccounts" roleURI="http://gamestop.com/role/ValuationAndQualifyingAccounts" />
  <presentationLink xlink:type="extended" xlink:role="http://gamestop.com/role/BalanceSheets" xlink:title="0110 - Statement - Consolidated Balance Sheets">
    <loc xlink:type="locator" xlink:href="http://taxonomies.xbrl.us/us-gaap/2009/elts/us-gaap-2009-01-31.xsd#us-gaap_StatementOfFinancialPositionAbstract" xlink:label="loc_StatementOfFinancialPositionAbstract" />
    <loc xlink:type="locator" xlink:href="http://taxonomies.xbrl.us/us-gaap/2009/elts/us-gaap-2009-01-31.xsd#us-gaap_AssetsAbstract" xlink:label="loc_AssetsAbstract" />
    <presentationArc xlink:type="arc" xlink:arcrole="http://www.xbrl.org/2003/arcrole/parent-child" xlink:from="loc_StatementOfFinancialPositionAbstract" xlink:to="loc_AssetsAbstract" order="20" use="optional" preferredLabel="http://www.xbrl.org/2003/role/verboseLabel" />
    <loc xlink:type="locator" xlink:href="http://taxonomies.xbrl.us/us-gaap/2009/elts/us-gaap-2009-01-31.xsd#us-gaap_AssetsCurrentAbstract" xlink:label="loc_AssetsCurrentAbstract" />
    <presentationArc xlink:type="arc" xlink:arcrole="http://www.xbrl.org/2003/arcrole/parent-child" xlink:from="loc_AssetsAbstract" xlink:to="loc_AssetsCurrentAbstract" order="20" use="optional" preferredLabel="http://www.xbrl.org/2003/role/verboseLabel" priority="1" />
    <loc xlink:type="locator" xlink:href="http://taxonomies.xbrl.us/us-gaap/2009/elts/us-gaap-2009-01-31.xsd#us-gaap_CashAndCashEquivalentsAtCarryingValue" xlink:label="loc_CashAndCashEquivalentsAtCarryingValue" />
    <presentationArc xlink:type="arc" xlink:arcrole="http://www.xbrl.org/2003/arcrole/parent-child" xlink:from="loc_AssetsCurrentAbstract" xlink:to="loc_CashAndCashEquivalentsAtCarryingValue" order="20" use="optional" preferredLabel="http://www.xbrl.org/2003/role/verboseLabel" priority="1" />
    <loc xlink:type="locator" xlink:href="http://taxonomies.xbrl.us/us-gaap/2009/elts/us-gaap-2009-01-31.xsd#us-gaap_ReceivablesNetCurrent" xlink:label="loc_ReceivablesNetCurrent" />
    <presentationArc xlink:type="arc" xlink:arcrole="http://www.xbrl.org/2003/arcrole/parent-child" xlink:from="loc_AssetsCurrentAbstract" xlink:to="loc_ReceivablesNetCurrent" order="40" use="optional" preferredLabel="http://www.xbrl.org/2003/role/verboseLabel" priority="1" />
    <loc xlink:type="locator" xlink:href="http://taxonomies.xbrl.us/us-gaap/2009/elts/us-gaap-2009-01-31.xsd#us-gaap_InventoryNet" xlink:label="loc_InventoryNet" />
    <presentationArc xlink:type="arc" xlink:arcrole="http://www.xbrl.org/2003/arcrole/parent-child" xlink:from="loc_AssetsCurrentAbstract" xlink:to="loc_InventoryNet" order="60" use="optional" preferredLabel="http://www.xbrl.org/2003/role/verboseLabel" priority="1" />
    <loc xlink:type="locator" xlink:href="http://taxonomies.xbrl.us/us-gaap/2009/elts/us-gaap-2009-01-31.xsd#us-gaap_DeferredTaxAssetsNetCurrent" xlink:label="loc_DeferredTaxAssetsNetCurrent" />
    <presentationArc xlink:type="arc" xlink:arcrole="http://www.xbrl.org/2003/arcrole/parent-child" xlink:from="loc_AssetsCurrentAbstract" xlink:to="loc_DeferredTaxAssetsNetCurrent" order="80" use="optional" preferredLabel="http://www.xbrl.org/2003/role/verboseLabel" priority="1" />
    <loc xlink:type="locator" xlink:href="http://taxonomies.xbrl.us/us-gaap/2009/elts/us-gaap-2009-01-31.xsd#us-gaap_PrepaidExpenseCurrent" xlink:label="loc_PrepaidExpenseCurrent" />
    <presentationArc xlink:type="arc" xlink:arcrole="http://www.xbrl.org/2003/arcrole/parent-child" xlink:from="loc_AssetsCurrentAbstract" xlink:to="loc_PrepaidExpenseCurrent" order="100" use="optional" preferredLabel="http://www.xbrl.org/2003/role/verboseLabel" priority="1" />
    <loc xlink:type="locator" xlink:href="http://taxonomies.xbrl.us/us-gaap/2009/elts/us-gaap-2009-01-31.xsd#us-gaap_OtherAssetsCurrent" xlink:label="loc_OtherAssetsCurrent" />
    <presentationArc xlink:type="arc" xlink:arcrole="http://www.xbrl.org/2003/arcrole/parent-child" xlink:from="loc_AssetsCurrentAbstract" xlink:to="loc_OtherAssetsCurrent" order="120" use="optional" preferredLabel="http://www.xbrl.org/2003/role/totalLabel" priority="1" />
    <loc xlink:type="locator" xlink:href="http://taxonomies.xbrl.us/us-gaap/2009/elts/us-gaap-2009-01-31.xsd#us-gaap_AssetsCurrent" xlink:label="loc_AssetsCurrent" />
    <presentationArc xlink:type="arc" xlink:arcrole="http://www.xbrl.org/2003/arcrole/parent-child" xlink:from="loc_AssetsCurrentAbstract" xlink:to="loc_AssetsCurrent" order="140" use="optional" preferredLabel="http://www.xbrl.org/2003/role/totalLabel" priority="1" />
    <loc xlink:type="locator" xlink:href="http://taxonomies.xbrl.us/us-gaap/2009/elts/us-gaap-2009-01-31.xsd#us-gaap_PropertyPlantAndEquipmentNetAbstract" xlink:label="loc_PropertyPlantAndEquipmentNetAbstract" />
    <presentationArc xlink:type="arc" xlink:arcrole="http://www.xbrl.org/2003/arcrole/parent-child" xlink:from="loc_AssetsAbstract" xlink:to="loc_PropertyPlantAndEquipmentNetAbstract" order="40" use="optional" preferredLabel="http://www.xbrl.org/2003/role/verboseLabel" />
    <loc xlink:type="locator" xlink:href="http://taxonomies.xbrl.us/us-gaap/2009/elts/us-gaap-2009-01-31.xsd#us-gaap_Land" xlink:label="loc_Land" />
    <presentationArc xlink:type="arc" xlink:arcrole="http://www.xbrl.org/2003/arcrole/parent-child" xlink:from="loc_PropertyPlantAndEquipmentNetAbstract" xlink:to="loc_Land" order="20" use="optional" priority="1" />
    <loc xlink:type="locator" xlink:href="gme-20110129.xsd#gme_BuildingsAndLeaseholdImprovements" xlink:label="gme_BuildingsAndLeaseholdImprovements" />
    <presentationArc xlink:type="arc" xlink:arcrole="http://www.xbrl.org/2003/arcrole/parent-child" xlink:from="loc_PropertyPlantAndEquipmentNetAbstract" xlink:to="gme_BuildingsAndLeaseholdImprovements" order="40" use="optional" preferredLabel="http://www.xbrl.org/2003/role/verboseLabel" priority="1" />
    <loc xlink:type="locator" xlink:href="gme-20110129.xsd#gme_FixturesAndEquipment" xlink:label="gme_FixturesAndEquipment" />
    <presentationArc xlink:type="arc" xlink:arcrole="http://www.xbrl.org/2003/arcrole/parent-child" xlink:from="loc_PropertyPlantAndEquipmentNetAbstract" xlink:to="gme_FixturesAndEquipment" order="60" use="optional" preferredLabel="http://www.xbrl.org/2003/role/totalLabel" />
    <loc xlink:type="locator" xlink:href="http://taxonomies.xbrl.us/us-gaap/2009/elts/us-gaap-2009-01-31.xsd#us-gaap_PropertyPlantAndEquipmentGross" xlink:label="loc_PropertyPlantAndEquipmentGross" />
    <presentationArc xlink:type="arc" xlink:arcrole="http://www.xbrl.org/2003/arcrole/parent-child" xlink:from="loc_PropertyPlantAndEquipmentNetAbstract" xlink:to="loc_PropertyPlantAndEquipmentGross" order="80" use="optional" preferredLabel="http://www.xbrl.org/2003/role/verboseLabel" priority="1" />
    <loc xlink:type="locator" xlink:href="http://taxonomies.xbrl.us/us-gaap/2009/elts/us-gaap-2009-01-31.xsd#us-gaap_AccumulatedDepreciationDepletionAndAmortizationPropertyPlantAndEquipment" xlink:label="loc_AccumulatedDepreciationDepletionAndAmortizationPropertyPlantAndEquipment" />
    <presentationArc xlink:type="arc" xlink:arcrole="http://www.xbrl.org/2003/arcrole/parent-child" xlink:from="loc_PropertyPlantAndEquipmentNetAbstract" xlink:to="loc_AccumulatedDepreciationDepletionAndAmortizationPropertyPlantAndEquipment" order="100" use="optional" preferredLabel="http://www.xbrl.org/2003/role/totalLabel" priority="1" />
    <loc xlink:type="locator" xlink:href="http://taxonomies.xbrl.us/us-gaap/2009/elts/us-gaap-2009-01-31.xsd#us-gaap_PropertyPlantAndEquipmentNet" xlink:label="loc_PropertyPlantAndEquipmentNet" />
    <presentationArc xlink:type="arc" xlink:arcrole="http://www.xbrl.org/2003/arcrole/parent-child" xlink:from="loc_PropertyPlantAndEquipmentNetAbstract" xlink:to="loc_PropertyPlantAndEquipmentNet" order="120" use="optional" preferredLabel="http://www.xbrl.org/2003/role/verboseLabel" priority="1" />
    <loc xlink:type="locator" xlink:href="http://taxonomies.xbrl.us/us-gaap/2009/elts/us-gaap-2009-01-31.xsd#us-gaap_Goodwill" xlink:label="loc_Goodwill" />
    <presentationArc xlink:type="arc" xlink:arcrole="http://www.xbrl.org/2003/arcrole/parent-child" xlink:from="loc_AssetsAbstract" xlink:to="loc_Goodwill" order="60" use="optional" preferredLabel="http://www.xbrl.org/2003/role/verboseLabel" />
    <loc xlink:type="locator" xlink:href="http://taxonomies.xbrl.us/us-gaap/2009/elts/us-gaap-2009-01-31.xsd#us-gaap_IntangibleAssetsNetExcludingGoodwill" xlink:label="loc_IntangibleAssetsNetExcludingGoodwill" />
    <presentationArc xlink:type="arc" xlink:arcrole="http://www.xbrl.org/2003/arcrole/parent-child" xlink:from="loc_AssetsAbstract" xlink:to="loc_IntangibleAssetsNetExcludingGoodwill" order="80" use="optional" preferredLabel="http://www.xbrl.org/2003/role/verboseLabel" />
    <loc xlink:type="locator" xlink:href="http://taxonomies.xbrl.us/us-gaap/2009/elts/us-gaap-2009-01-31.xsd#us-gaap_OtherAssetsNoncurrent" xlink:label="loc_OtherAssetsNoncurrent" />
    <presentationArc xlink:type="arc" xlink:arcrole="http://www.xbrl.org/2003/arcrole/parent-child" xlink:from="loc_AssetsAbstract" xlink:to="loc_OtherAssetsNoncurrent" order="100" use="optional" preferredLabel="http://www.xbrl.org/2003/role/totalLabel" />
    <loc xlink:type="locator" xlink:href="http://taxonomies.xbrl.us/us-gaap/2009/elts/us-gaap-2009-01-31.xsd#us-gaap_AssetsNoncurrent" xlink:label="loc_AssetsNoncurrent" />
    <presentationArc xlink:type="arc" xlink:arcrole="http://www.xbrl.org/2003/arcrole/parent-child" xlink:from="loc_AssetsAbstract" xlink:to="loc_AssetsNoncurrent" order="120" use="optional" preferredLabel="http://www.xbrl.org/2003/role/totalLabel" />
    <loc xlink:type="locator" xlink:href="http://taxonomies.xbrl.us/us-gaap/2009/elts/us-gaap-2009-01-31.xsd#us-gaap_Assets" xlink:label="loc_Assets" />
    <presentationArc xlink:type="arc" xlink:arcrole="http://www.xbrl.org/2003/arcrole/parent-child" xlink:from="loc_AssetsAbstract" xlink:to="loc_Assets" order="140" use="optional" preferredLabel="http://www.xbrl.org/2003/role/totalLabel" />
    <loc xlink:type="locator" xlink:href="http://taxonomies.xbrl.us/us-gaap/2009/elts/us-gaap-2009-01-31.xsd#us-gaap_LiabilitiesAndStockholdersEquityAbstract" xlink:label="loc_LiabilitiesAndStockholdersEquityAbstract" />
    <presentationArc xlink:type="arc" xlink:arcrole="http://www.xbrl.org/2003/arcrole/parent-child" xlink:from="loc_StatementOfFinancialPositionAbstract" xlink:to="loc_LiabilitiesAndStockholdersEquityAbstract" order="40" use="optional" preferredLabel="http://www.xbrl.org/2003/role/verboseLabel" />
    <loc xlink:type="locator" xlink:href="http://taxonomies.xbrl.us/us-gaap/2009/elts/us-gaap-2009-01-31.xsd#us-gaap_LiabilitiesCurrentAbstract" xlink:label="loc_LiabilitiesCurrentAbstract" />
    <presentationArc xlink:type="arc" xlink:arcrole="http://www.xbrl.org/2003/arcrole/parent-child" xlink:from="loc_LiabilitiesAndStockholdersEquityAbstract" xlink:to="loc_LiabilitiesCurrentAbstract" order="20" use="optional" preferredLabel="http://www.xbrl.org/2003/role/verboseLabel" priority="1" />
    <loc xlink:type="locator" xlink:href="http://taxonomies.xbrl.us/us-gaap/2009/elts/us-gaap-2009-01-31.xsd#us-gaap_AccountsPayableCurrent" xlink:label="loc_AccountsPayableCurrent" />
    <presentationArc xlink:type="arc" xlink:arcrole="http://www.xbrl.org/2003/arcrole/parent-child" xlink:from="loc_LiabilitiesCurrentAbstract" xlink:to="loc_AccountsPayableCurrent" order="20" use="optional" preferredLabel="http://www.xbrl.org/2003/role/verboseLabel" priority="1" />
    <loc xlink:type="locator" xlink:href="http://taxonomies.xbrl.us/us-gaap/2009/elts/us-gaap-2009-01-31.xsd#us-gaap_AccruedLiabilitiesCurrent" xlink:label="loc_AccruedLiabilitiesCurrent" />
    <presentationArc xlink:type="arc" xlink:arcrole="http://www.xbrl.org/2003/arcrole/parent-child" xlink:from="loc_LiabilitiesCurrentAbstract" xlink:to="loc_AccruedLiabilitiesCurrent" order="40" use="optional" preferredLabel="http://www.xbrl.org/2003/role/verboseLabel" priority="1" />
    <loc xlink:type="locator" xlink:href="http://taxonomies.xbrl.us/us-gaap/2009/elts/us-gaap-2009-01-31.xsd#us-gaap_AccruedIncomeTaxesCurrent" xlink:label="loc_AccruedIncomeTaxesCurrent" />
    <presentationArc xlink:type="arc" xlink:arcrole="http://www.xbrl.org/2003/arcrole/parent-child" xlink:from="loc_LiabilitiesCurrentAbstract" xlink:to="loc_AccruedIncomeTaxesCurrent" order="60" use="optional" preferredLabel="http://www.xbrl.org/2003/role/totalLabel" priority="1" />
    <loc xlink:type="locator" xlink:href="http://taxonomies.xbrl.us/us-gaap/2009/elts/us-gaap-2009-01-31.xsd#us-gaap_LiabilitiesCurrent" xlink:label="loc_LiabilitiesCurrent" />
    <presentationArc xlink:type="arc" xlink:arcrole="http://www.xbrl.org/2003/arcrole/parent-child" xlink:from="loc_LiabilitiesCurrentAbstract" xlink:to="loc_LiabilitiesCurrent" order="80" use="optional" preferredLabel="http://www.xbrl.org/2003/role/totalLabel" priority="1" />
    <loc xlink:type="locator" xlink:href="http://taxonomies.xbrl.us/us-gaap/2009/elts/us-gaap-2009-01-31.xsd#us-gaap_SeniorLongTermNotes" xlink:label="loc_SeniorLongTermNotes" />
    <presentationArc xlink:type="arc" xlink:arcrole="http://www.xbrl.org/2003/arcrole/parent-child" xlink:from="loc_LiabilitiesAndStockholdersEquityAbstract" xlink:to="loc_SeniorLongTermNotes" order="40" use="optional" preferredLabel="http://www.xbrl.org/2003/role/verboseLabel" />
    <loc xlink:type="locator" xlink:href="http://taxonomies.xbrl.us/us-gaap/2009/elts/us-gaap-2009-01-31.xsd#us-gaap_DeferredTaxLiabilitiesNoncurrent" xlink:label="loc_DeferredTaxLiabilitiesNoncurrent" />
    <presentationArc xlink:type="arc" xlink:arcrole="http://www.xbrl.org/2003/arcrole/parent-child" xlink:from="loc_LiabilitiesAndStockholdersEquityAbstract" xlink:to="loc_DeferredTaxLiabilitiesNoncurrent" order="60" use="optional" preferredLabel="http://www.xbrl.org/2003/role/verboseLabel" />
    <loc xlink:type="locator" xlink:href="http://taxonomies.xbrl.us/us-gaap/2009/elts/us-gaap-2009-01-31.xsd#us-gaap_OtherLiabilitiesNoncurrent" xlink:label="loc_OtherLiabilitiesNoncurrent" />
    <presentationArc xlink:type="arc" xlink:arcrole="http://www.xbrl.org/2003/arcrole/parent-child" xlink:from="loc_LiabilitiesAndStockholdersEquityAbstract" xlink:to="loc_OtherLiabilitiesNoncurrent" order="80" use="optional" preferredLabel="http://www.xbrl.org/2003/role/totalLabel" />
    <loc xlink:type="locator" xlink:href="http://taxonomies.xbrl.us/us-gaap/2009/elts/us-gaap-2009-01-31.xsd#us-gaap_LiabilitiesNoncurrent" xlink:label="loc_LiabilitiesNoncurrent" />
    <presentationArc xlink:type="arc" xlink:arcrole="http://www.xbrl.org/2003/arcrole/parent-child" xlink:from="loc_LiabilitiesAndStockholdersEquityAbstract" xlink:to="loc_LiabilitiesNoncurrent" order="100" use="optional" preferredLabel="http://www.xbrl.org/2003/role/totalLabel" />
    <loc xlink:type="locator" xlink:href="http://taxonomies.xbrl.us/us-gaap/2009/elts/us-gaap-2009-01-31.xsd#us-gaap_Liabilities" xlink:label="loc_Liabilities" />
    <presentationArc xlink:type="arc" xlink:arcrole="http://www.xbrl.org/2003/arcrole/parent-child" xlink:from="loc_LiabilitiesAndStockholdersEquityAbstract" xlink:to="loc_Liabilities" order="120" use="optional" preferredLabel="http://www.xbrl.org/2003/role/totalLabel" />
    <loc xlink:type="locator" xlink:href="http://taxonomies.xbrl.us/us-gaap/2009/elts/us-gaap-2009-01-31.xsd#us-gaap_CommitmentsAndContingencies2009" xlink:label="loc_CommitmentsAndContingencies2009" />
    <presentationArc xlink:type="arc" xlink:arcrole="http://www.xbrl.org/2003/arcrole/parent-child" xlink:from="loc_LiabilitiesAndStockholdersEquityAbstract" xlink:to="loc_CommitmentsAndContingencies2009" order="140" use="optional" preferredLabel="http://www.xbrl.org/2003/role/verboseLabel" />
    <loc xlink:type="locator" xlink:href="http://taxonomies.xbrl.us/us-gaap/2009/elts/us-gaap-2009-01-31.xsd#us-gaap_StockholdersEquityIncludingPortionAttributableToNoncontrollingInterestAbstract" xlink:label="loc_StockholdersEquityIncludingPortionAttributableToNoncontrollingInterestAbstract" />
    <presentationArc xlink:type="arc" xlink:arcrole="http://www.xbrl.org/2003/arcrole/parent-child" xlink:from="loc_LiabilitiesAndStockholdersEquityAbstract" xlink:to="loc_StockholdersEquityIncludingPortionAttributableToNoncontrollingInterestAbstract" order="160" use="optional" preferredLabel="http://www.xbrl.org/2003/role/verboseLabel" priority="1" />
    <loc xlink:type="locator" xlink:href="http://taxonomies.xbrl.us/us-gaap/2009/elts/us-gaap-2009-01-31.xsd#us-gaap_PreferredStockValue" xlink:label="loc_PreferredStockValue" />
    <presentationArc xlink:type="arc" xlink:arcrole="http://www.xbrl.org/2003/arcrole/parent-child" xlink:from="loc_StockholdersEquityIncludingPortionAttributableToNoncontrollingInterestAbstract" xlink:to="loc_PreferredStockValue" order="20" use="optional" preferredLabel="http://www.xbrl.org/2003/role/verboseLabel" priority="1" />
    <loc xlink:type="locator" xlink:href="http://taxonomies.xbrl.us/us-gaap/2009/elts/us-gaap-2009-01-31.xsd#us-gaap_CommonStockValue" xlink:label="loc_CommonStockValue" />
    <presentationArc xlink:type="arc" xlink:arcrole="http://www.xbrl.org/2003/arcrole/parent-child" xlink:from="loc_StockholdersEquityIncludingPortionAttributableToNoncontrollingInterestAbstract" xlink:to="loc_CommonStockValue" order="40" use="optional" preferredLabel="http://www.xbrl.org/2003/role/verboseLabel" priority="1" />
    <loc xlink:type="locator" xlink:href="http://taxonomies.xbrl.us/us-gaap/2009/elts/us-gaap-2009-01-31.xsd#us-gaap_AdditionalPaidInCapitalCommonStock" xlink:label="loc_AdditionalPaidInCapitalCommonStock" />
    <presentationArc xlink:type="arc" xlink:arcrole="http://www.xbrl.org/2003/arcrole/parent-child" xlink:from="loc_StockholdersEquityIncludingPortionAttributableToNoncontrollingInterestAbstract" xlink:to="loc_AdditionalPaidInCapitalCommonStock" order="60" use="optional" preferredLabel="http://www.xbrl.org/2003/role/verboseLabel" priority="1" />
    <loc xlink:type="locator" xlink:href="http://taxonomies.xbrl.us/us-gaap/2009/elts/us-gaap-2009-01-31.xsd#us-gaap_AccumulatedOtherComprehensiveIncomeLossNetOfTax" xlink:label="loc_AccumulatedOtherComprehensiveIncomeLossNetOfTax" />
    <presentationArc xlink:type="arc" xlink:arcrole="http://www.xbrl.org/2003/arcrole/parent-child" xlink:from="loc_StockholdersEquityIncludingPortionAttributableToNoncontrollingInterestAbstract" xlink:to="loc_AccumulatedOtherComprehensiveIncomeLossNetOfTax" order="80" use="optional" preferredLabel="http://www.xbrl.org/2003/role/verboseLabel" priority="1" />
    <loc xlink:type="locator" xlink:href="http://taxonomies.xbrl.us/us-gaap/2009/elts/us-gaap-2009-01-31.xsd#us-gaap_RetainedEarningsAccumulatedDeficit" xlink:label="loc_RetainedEarningsAccumulatedDeficit" />
    <presentationArc xlink:type="arc" xlink:arcrole="http://www.xbrl.org/2003/arcrole/parent-child" xlink:from="loc_StockholdersEquityIncludingPortionAttributableToNoncontrollingInterestAbstract" xlink:to="loc_RetainedEarningsAccumulatedDeficit" order="100" use="optional" preferredLabel="http://www.xbrl.org/2003/role/totalLabel" priority="1" />
    <loc xlink:type="locator" xlink:href="http://taxonomies.xbrl.us/us-gaap/2009/elts/us-gaap-2009-01-31.xsd#us-gaap_StockholdersEquity" xlink:label="loc_StockholdersEquity" />
    <presentationArc xlink:type="arc" xlink:arcrole="http://www.xbrl.org/2003/arcrole/parent-child" xlink:from="loc_StockholdersEquityIncludingPortionAttributableToNoncontrollingInterestAbstract" xlink:to="loc_StockholdersEquity" order="120" use="optional" preferredLabel="http://www.xbrl.org/2003/role/verboseLabel" priority="1" />
    <loc xlink:type="locator" xlink:href="http://taxonomies.xbrl.us/us-gaap/2009/elts/us-gaap-2009-01-31.xsd#us-gaap_MinorityInterest" xlink:label="loc_MinorityInterest" />
    <presentationArc xlink:type="arc" xlink:arcrole="http://www.xbrl.org/2003/arcrole/parent-child" xlink:from="loc_LiabilitiesAndStockholdersEquityAbstract" xlink:to="loc_MinorityInterest" order="180" use="optional" preferredLabel="http://www.xbrl.org/2003/role/totalLabel" />
    <loc xlink:type="locator" xlink:href="http://taxonomies.xbrl.us/us-gaap/2009/elts/us-gaap-2009-01-31.xsd#us-gaap_StockholdersEquityIncludingPortionAttributableToNoncontrollingInterest" xlink:label="loc_StockholdersEquityIncludingPortionAttributableToNoncontrollingInterest" />
    <presentationArc xlink:type="arc" xlink:arcrole="http://www.xbrl.org/2003/arcrole/parent-child" xlink:from="loc_LiabilitiesAndStockholdersEquityAbstract" xlink:to="loc_StockholdersEquityIncludingPortionAttributableToNoncontrollingInterest" order="200" use="optional" preferredLabel="http://www.xbrl.org/2003/role/totalLabel" />
    <loc xlink:type="locator" xlink:href="http://taxonomies.xbrl.us/us-gaap/2009/elts/us-gaap-2009-01-31.xsd#us-gaap_LiabilitiesAndStockholdersEquity" xlink:label="loc_LiabilitiesAndStockholdersEquity" />
    <presentationArc xlink:type="arc" xlink:arcrole="http://www.xbrl.org/2003/arcrole/parent-child" xlink:from="loc_LiabilitiesAndStockholdersEquityAbstract" xlink:to="loc_LiabilitiesAndStockholdersEquity" order="220" use="optional" preferredLabel="http://www.xbrl.org/2003/role/totalLabel" />
  </presentationLink>
  <presentationLink xlink:type="extended" xlink:role="http://gamestop.com/role/BalanceSheetsParenthetical" xlink:title="0111 - Statement - Consolidated Balance Sheets (Parenthetical)">
    <loc xlink:type="locator" xlink:href="http://taxonomies.xbrl.us/us-gaap/2009/elts/us-gaap-2009-01-31.xsd#us-gaap_StatementOfFinancialPositionAbstract" xlink:label="loc_StatementOfFinancialPositionAbstract" />
    <loc xlink:type="locator" xlink:href="http://taxonomies.xbrl.us/us-gaap/2009/elts/us-gaap-2009-01-31.xsd#us-gaap_StockholdersEquityIncludingPortionAttributableToNoncontrollingInterestAbstract" xlink:label="loc_StockholdersEquityIncludingPortionAttributableToNoncontrollingInterestAbstract" />
    <presentationArc xlink:type="arc" xlink:arcrole="http://www.xbrl.org/2003/arcrole/parent-child" xlink:from="loc_StatementOfFinancialPositionAbstract" xlink:to="loc_StockholdersEquityIncludingPortionAttributableToNoncontrollingInterestAbstract" order="20" use="optional" preferredLabel="http://www.xbrl.org/2003/role/verboseLabel" priority="1" />
    <loc xlink:type="locator" xlink:href="http://taxonomies.xbrl.us/us-gaap/2009/elts/us-gaap-2009-01-31.xsd#us-gaap_PreferredStockSharesAuthorized" xlink:label="loc_PreferredStockSharesAuthorized" />
    <presentationArc xlink:type="arc" xlink:arcrole="http://www.xbrl.org/2003/arcrole/parent-child" xlink:from="loc_StockholdersEquityIncludingPortionAttributableToNoncontrollingInterestAbstract" xlink:to="loc_PreferredStockSharesAuthorized" order="20" use="optional" preferredLabel="http://www.xbrl.org/2003/role/verboseLabel" />
    <loc xlink:type="locator" xlink:href="http://taxonomies.xbrl.us/us-gaap/2009/elts/us-gaap-2009-01-31.xsd#us-gaap_PreferredStockSharesIssued" xlink:label="loc_PreferredStockSharesIssued" />
    <presentationArc xlink:type="arc" xlink:arcrole="http://www.xbrl.org/2003/arcrole/parent-child" xlink:from="loc_StockholdersEquityIncludingPortionAttributableToNoncontrollingInterestAbstract" xlink:to="loc_PreferredStockSharesIssued" order="40" use="optional" preferredLabel="http://www.xbrl.org/2003/role/verboseLabel" />
    <loc xlink:type="locator" xlink:href="http://taxonomies.xbrl.us/us-gaap/2009/elts/us-gaap-2009-01-31.xsd#us-gaap_PreferredStockSharesOutstanding" xlink:label="loc_PreferredStockSharesOutstanding" />
    <presentationArc xlink:type="arc" xlink:arcrole="http://www.xbrl.org/2003/arcrole/parent-child" xlink:from="loc_StockholdersEquityIncludingPortionAttributableToNoncontrollingInterestAbstract" xlink:to="loc_PreferredStockSharesOutstanding" order="60" use="optional" preferredLabel="http://www.xbrl.org/2003/role/verboseLabel" />
    <loc xlink:type="locator" xlink:href="http://taxonomies.xbrl.us/us-gaap/2009/elts/us-gaap-2009-01-31.xsd#us-gaap_CommonStockParOrStatedValuePerShare" xlink:label="loc_CommonStockParOrStatedValuePerShare" />
    <presentationArc xlink:type="arc" xlink:arcrole="http://www.xbrl.org/2003/arcrole/parent-child" xlink:from="loc_StockholdersEquityIncludingPortionAttributableToNoncontrollingInterestAbstract" xlink:to="loc_CommonStockParOrStatedValuePerShare" order="80" use="optional" preferredLabel="http://www.xbrl.org/2003/role/verboseLabel" />
    <loc xlink:type="locator" xlink:href="http://taxonomies.xbrl.us/us-gaap/2009/elts/us-gaap-2009-01-31.xsd#us-gaap_CommonStockSharesAuthorized" xlink:label="loc_CommonStockSharesAuthorized" />
    <presentationArc xlink:type="arc" xlink:arcrole="http://www.xbrl.org/2003/arcrole/parent-child" xlink:from="loc_StockholdersEquityIncludingPortionAttributableToNoncontrollingInterestAbstract" xlink:to="loc_CommonStockSharesAuthorized" order="100" use="optional" preferredLabel="http://www.xbrl.org/2003/role/verboseLabel" />
    <loc xlink:type="locator" xlink:href="http://taxonomies.xbrl.us/us-gaap/2009/elts/us-gaap-2009-01-31.xsd#us-gaap_CommonStockSharesOutstanding" xlink:label="loc_CommonStockSharesOutstanding" />
    <presentationArc xlink:type="arc" xlink:arcrole="http://www.xbrl.org/2003/arcrole/parent-child" xlink:from="loc_StockholdersEquityIncludingPortionAttributableToNoncontrollingInterestAbstract" xlink:to="loc_CommonStockSharesOutstanding" order="120" use="optional" preferredLabel="http://www.xbrl.org/2003/role/verboseLabel" />
  </presentationLink>
  <presentationLink xlink:type="extended" xlink:role="http://gamestop.com/role/StatementsOfOperations" xlink:title="0120 - Statement - Consolidated Statements of Operations">
    <loc xlink:type="locator" xlink:href="http://taxonomies.xbrl.us/us-gaap/2009/elts/us-gaap-2009-01-31.xsd#us-gaap_IncomeStatementAbstract" xlink:label="loc_IncomeStatementAbstract" />
    <loc xlink:type="locator" xlink:href="http://taxonomies.xbrl.us/us-gaap/2009/elts/us-gaap-2009-01-31.xsd#us-gaap_SalesRevenueGoodsNet" xlink:label="loc_SalesRevenueGoodsNet" />
    <presentationArc xlink:type="arc" xlink:arcrole="http://www.xbrl.org/2003/arcrole/parent-child" xlink:from="loc_IncomeStatementAbstract" xlink:to="loc_SalesRevenueGoodsNet" order="20" use="optional" preferredLabel="http://www.xbrl.org/2003/role/verboseLabel" />
    <loc xlink:type="locator" xlink:href="http://taxonomies.xbrl.us/us-gaap/2009/elts/us-gaap-2009-01-31.xsd#us-gaap_CostOfGoodsSold" xlink:label="loc_CostOfGoodsSold" />
    <presentationArc xlink:type="arc" xlink:arcrole="http://www.xbrl.org/2003/arcrole/parent-child" xlink:from="loc_IncomeStatementAbstract" xlink:to="loc_CostOfGoodsSold" order="40" use="optional" preferredLabel="http://www.xbrl.org/2003/role/totalLabel" />
    <loc xlink:type="locator" xlink:href="http://taxonomies.xbrl.us/us-gaap/2009/elts/us-gaap-2009-01-31.xsd#us-gaap_GrossProfit" xlink:label="loc_GrossProfit" />
    <presentationArc xlink:type="arc" xlink:arcrole="http://www.xbrl.org/2003/arcrole/parent-child" xlink:from="loc_IncomeStatementAbstract" xlink:to="loc_GrossProfit" order="60" use="optional" preferredLabel="http://www.xbrl.org/2003/role/verboseLabel" />
    <loc xlink:type="locator" xlink:href="http://taxonomies.xbrl.us/us-gaap/2009/elts/us-gaap-2009-01-31.xsd#us-gaap_SellingGeneralAndAdministrativeExpense" xlink:label="loc_SellingGeneralAndAdministrativeExpense" />
    <presentationArc xlink:type="arc" xlink:arcrole="http://www.xbrl.org/2003/arcrole/parent-child" xlink:from="loc_IncomeStatementAbstract" xlink:to="loc_SellingGeneralAndAdministrativeExpense" order="80" use="optional" preferredLabel="http://www.xbrl.org/2003/role/verboseLabel" />
    <loc xlink:type="locator" xlink:href="http://taxonomies.xbrl.us/us-gaap/2009/elts/us-gaap-2009-01-31.xsd#us-gaap_DepreciationAndAmortization" xlink:label="loc_DepreciationAndAmortization" />
    <presentationArc xlink:type="arc" xlink:arcrole="http://www.xbrl.org/2003/arcrole/parent-child" xlink:from="loc_IncomeStatementAbstract" xlink:to="loc_DepreciationAndAmortization" order="100" use="optional" preferredLabel="http://www.xbrl.org/2003/role/verboseLabel" />
    <loc xlink:type="locator" xlink:href="http://taxonomies.xbrl.us/us-gaap/2009/elts/us-gaap-2009-01-31.xsd#us-gaap_OperatingIncomeLoss" xlink:label="loc_OperatingIncomeLoss" />
    <presentationArc xlink:type="arc" xlink:arcrole="http://www.xbrl.org/2003/arcrole/parent-child" xlink:from="loc_IncomeStatementAbstract" xlink:to="loc_OperatingIncomeLoss" order="140" use="optional" preferredLabel="http://www.xbrl.org/2003/role/verboseLabel" />
    <loc xlink:type="locator" xlink:href="http://taxonomies.xbrl.us/us-gaap/2009/elts/us-gaap-2009-01-31.xsd#us-gaap_InvestmentIncomeInterest" xlink:label="loc_InvestmentIncomeInterest" />
    <presentationArc xlink:type="arc" xlink:arcrole="http://www.xbrl.org/2003/arcrole/parent-child" xlink:from="loc_IncomeStatementAbstract" xlink:to="loc_InvestmentIncomeInterest" order="160" use="optional" preferredLabel="http://xbrl.us/us-gaap/role/label/negated" />
    <loc xlink:type="locator" xlink:href="http://taxonomies.xbrl.us/us-gaap/2009/elts/us-gaap-2009-01-31.xsd#us-gaap_InterestExpense" xlink:label="loc_InterestExpense" />
    <presentationArc xlink:type="arc" xlink:arcrole="http://www.xbrl.org/2003/arcrole/parent-child" xlink:from="loc_IncomeStatementAbstract" xlink:to="loc_InterestExpense" order="180" use="optional" preferredLabel="http://www.xbrl.org/2003/role/verboseLabel" />
    <loc xlink:type="locator" xlink:href="http://taxonomies.xbrl.us/us-gaap/2009/elts/us-gaap-2009-01-31.xsd#us-gaap_GainsLossesOnExtinguishmentOfDebt" xlink:label="loc_GainsLossesOnExtinguishmentOfDebt" />
    <presentationArc xlink:type="arc" xlink:arcrole="http://www.xbrl.org/2003/arcrole/parent-child" xlink:from="loc_IncomeStatementAbstract" xlink:to="loc_GainsLossesOnExtinguishmentOfDebt" order="200" use="optional" preferredLabel="http://xbrl.us/us-gaap/role/label/negatedTotal" />
    <loc xlink:type="locator" xlink:href="http://taxonomies.xbrl.us/us-gaap/2009/elts/us-gaap-2009-01-31.xsd#us-gaap_IncomeLossFromContinuingOperationsBeforeIncomeTaxesMinorityInterestAndIncomeLossFromEquityMethodInvestments" xlink:label="loc_IncomeLossFromContinuingOperationsBeforeIncomeTaxesMinorityInterestAndIncomeLossFromEquityMethodInvestments" />
    <presentationArc xlink:type="arc" xlink:arcrole="http://www.xbrl.org/2003/arcrole/parent-child" xlink:from="loc_IncomeStatementAbstract" xlink:to="loc_IncomeLossFromContinuingOperationsBeforeIncomeTaxesMinorityInterestAndIncomeLossFromEquityMethodInvestments" order="220" use="optional" preferredLabel="http://www.xbrl.org/2003/role/verboseLabel" priority="1" />
    <loc xlink:type="locator" xlink:href="http://taxonomies.xbrl.us/us-gaap/2009/elts/us-gaap-2009-01-31.xsd#us-gaap_IncomeTaxExpenseBenefit" xlink:label="loc_IncomeTaxExpenseBenefit" />
    <presentationArc xlink:type="arc" xlink:arcrole="http://www.xbrl.org/2003/arcrole/parent-child" xlink:from="loc_IncomeStatementAbstract" xlink:to="loc_IncomeTaxExpenseBenefit" order="240" use="optional" preferredLabel="http://www.xbrl.org/2003/role/totalLabel" priority="1" />
    <loc xlink:type="locator" xlink:href="http://taxonomies.xbrl.us/us-gaap/2009/elts/us-gaap-2009-01-31.xsd#us-gaap_ProfitLoss" xlink:label="loc_ProfitLoss" />
    <presentationArc xlink:type="arc" xlink:arcrole="http://www.xbrl.org/2003/arcrole/parent-child" xlink:from="loc_IncomeStatementAbstract" xlink:to="loc_ProfitLoss" order="260" use="optional" preferredLabel="http://www.xbrl.org/2003/role/terseLabel" />
    <loc xlink:type="locator" xlink:href="http://taxonomies.xbrl.us/us-gaap/2009/elts/us-gaap-2009-01-31.xsd#us-gaap_NetIncomeLossAttributableToNoncontrollingInterest" xlink:label="loc_NetIncomeLossAttributableToNoncontrollingInterest" />
    <presentationArc xlink:type="arc" xlink:arcrole="http://www.xbrl.org/2003/arcrole/parent-child" xlink:from="loc_IncomeStatementAbstract" xlink:to="loc_NetIncomeLossAttributableToNoncontrollingInterest" order="280" use="optional" preferredLabel="http://xbrl.us/us-gaap/role/label/negatedTotal" />
    <loc xlink:type="locator" xlink:href="http://taxonomies.xbrl.us/us-gaap/2009/elts/us-gaap-2009-01-31.xsd#us-gaap_NetIncomeLoss" xlink:label="loc_NetIncomeLoss" />
    <presentationArc xlink:type="arc" xlink:arcrole="http://www.xbrl.org/2003/arcrole/parent-child" xlink:from="loc_IncomeStatementAbstract" xlink:to="loc_NetIncomeLoss" order="300" use="optional" preferredLabel="http://www.xbrl.org/2003/role/totalLabel" />
    <loc xlink:type="locator" xlink:href="http://taxonomies.xbrl.us/us-gaap/2009/elts/us-gaap-2009-01-31.xsd#us-gaap_EarningsPerShareBasic" xlink:label="loc_EarningsPerShareBasic" />
    <presentationArc xlink:type="arc" xlink:arcrole="http://www.xbrl.org/2003/arcrole/parent-child" xlink:from="loc_IncomeStatementAbstract" xlink:to="loc_EarningsPerShareBasic" order="320" use="optional" preferredLabel="http://www.xbrl.org/2003/role/totalLabel" />
    <loc xlink:type="locator" xlink:href="http://taxonomies.xbrl.us/us-gaap/2009/elts/us-gaap-2009-01-31.xsd#us-gaap_EarningsPerShareDiluted" xlink:label="loc_EarningsPerShareDiluted" />
    <presentationArc xlink:type="arc" xlink:arcrole="http://www.xbrl.org/2003/arcrole/parent-child" xlink:from="loc_IncomeStatementAbstract" xlink:to="loc_EarningsPerShareDiluted" order="340" use="optional" preferredLabel="http://www.xbrl.org/2003/role/totalLabel" />
    <loc xlink:type="locator" xlink:href="http://taxonomies.xbrl.us/us-gaap/2009/elts/us-gaap-2009-01-31.xsd#us-gaap_WeightedAverageNumberOfSharesOutstandingBasic" xlink:label="loc_WeightedAverageNumberOfSharesOutstandingBasic" />
    <presentationArc xlink:type="arc" xlink:arcrole="http://www.xbrl.org/2003/arcrole/parent-child" xlink:from="loc_IncomeStatementAbstract" xlink:to="loc_WeightedAverageNumberOfSharesOutstandingBasic" order="360" use="optional" preferredLabel="http://www.xbrl.org/2003/role/totalLabel" />
    <loc xlink:type="locator" xlink:href="http://taxonomies.xbrl.us/us-gaap/2009/elts/us-gaap-2009-01-31.xsd#us-gaap_WeightedAverageNumberOfDilutedSharesOutstanding" xlink:label="loc_WeightedAverageNumberOfDilutedSharesOutstanding" />
    <presentationArc xlink:type="arc" xlink:arcrole="http://www.xbrl.org/2003/arcrole/parent-child" xlink:from="loc_IncomeStatementAbstract" xlink:to="loc_WeightedAverageNumberOfDilutedSharesOutstanding" order="380" use="optional" preferredLabel="http://www.xbrl.org/2003/role/totalLabel" />
    <loc xlink:type="locator" xlink:href="http://taxonomies.xbrl.us/us-gaap/2009/elts/us-gaap-2009-01-31.xsd#us-gaap_BusinessCombinationAcquisitionRelatedCosts" xlink:label="loc_BusinessCombinationAcquisitionRelatedCosts" />
    <presentationArc xlink:type="arc" xlink:arcrole="http://www.xbrl.org/2003/arcrole/parent-child" xlink:from="loc_IncomeStatementAbstract" xlink:to="loc_BusinessCombinationAcquisitionRelatedCosts" order="110" use="optional" preferredLabel="http://www.xbrl.org/2003/role/totalLabel" priority="1" />
  </presentationLink>
  <presentationLink xlink:type="extended" xlink:role="http://gamestop.com/role/Debt" xlink:title="0209 - Disclosure - Debt">
    <loc xlink:type="locator" xlink:href="gme-20110129.xsd#gme_DebtAbstract" xlink:label="gme_DebtAbstract" />
    <loc xlink:type="locator" xlink:href="http://taxonomies.xbrl.us/us-gaap/2009/elts/us-gaap-2009-01-31.xsd#us-gaap_DebtDisclosureTextBlock" xlink:label="loc_DebtDisclosureTextBlock" />
    <presentationArc xlink:type="arc" xlink:arcrole="http://www.xbrl.org/2003/arcrole/parent-child" xlink:from="gme_DebtAbstract" xlink:to="loc_DebtDisclosureTextBlock" order="20" use="optional" priority="1" preferredLabel="http://www.xbrl.org/2003/role/verboseLabel" />
  </presentationLink>
  <presentationLink xlink:type="extended" xlink:role="http://gamestop.com/role/IncomeTaxes" xlink:title="0212 - Disclosure - Income Taxes">
    <loc xlink:type="locator" xlink:href="http://taxonomies.xbrl.us/us-gaap/2009/elts/us-gaap-2009-01-31.xsd#us-gaap_IncomeTaxExpenseBenefitAbstract" xlink:label="loc_IncomeTaxExpenseBenefitAbstract" />
    <loc xlink:type="locator" xlink:href="http://taxonomies.xbrl.us/us-gaap/2009/elts/us-gaap-2009-01-31.xsd#us-gaap_IncomeTaxDisclosureTextBlock" xlink:label="loc_IncomeTaxDisclosureTextBlock" />
    <presentationArc xlink:type="arc" xlink:arcrole="http://www.xbrl.org/2003/arcrole/parent-child" xlink:from="loc_IncomeTaxExpenseBenefitAbstract" xlink:to="loc_IncomeTaxDisclosureTextBlock" order="20" use="optional" preferredLabel="http://www.xbrl.org/2003/role/verboseLabel" priority="1" />
  </presentationLink>
  <presentationLink xlink:type="extended" xlink:role="http://gamestop.com/role/CertainRelationshipsAndRelatedTransactions" xlink:title="0215 - Disclosure - Certain Relationships and Related Transactions">
    <loc xlink:type="locator" xlink:href="http://taxonomies.xbrl.us/us-gaap/2009/elts/us-gaap-2009-01-31.xsd#us-gaap_RelatedPartyTransactionDueFromToRelatedPartyAbstract" xlink:label="loc_RelatedPartyTransactionDueFromToRelatedPartyAbstract" />
    <loc xlink:type="locator" xlink:href="http://taxonomies.xbrl.us/us-gaap/2009/elts/us-gaap-2009-01-31.xsd#us-gaap_RelatedPartyTransactionsDisclosureTextBlock" xlink:label="loc_RelatedPartyTransactionsDisclosureTextBlock" />
    <presentationArc xlink:type="arc" xlink:arcrole="http://www.xbrl.org/2003/arcrole/parent-child" xlink:from="loc_RelatedPartyTransactionDueFromToRelatedPartyAbstract" xlink:to="loc_RelatedPartyTransactionsDisclosureTextBlock" order="20" use="optional" preferredLabel="http://www.xbrl.org/2003/role/verboseLabel" priority="1" />
  </presentationLink>
  <presentationLink xlink:type="extended" xlink:role="http://gamestop.com/role/CommitmentsAndContingencies" xlink:title="0211 - Disclosure - Commitments and Contingencies">
    <loc xlink:type="locator" xlink:href="gme-20110129.xsd#gme_CommitmentsAndContingenciesAbstract" xlink:label="gme_CommitmentsAndContingenciesAbstract" />
    <loc xlink:type="locator" xlink:href="http://taxonomies.xbrl.us/us-gaap/2009/elts/us-gaap-2009-01-31.xsd#us-gaap_CommitmentsAndContingenciesDisclosureTextBlock" xlink:label="loc_CommitmentsAndContingenciesDisclosureTextBlock" />
    <presentationArc xlink:type="arc" xlink:arcrole="http://www.xbrl.org/2003/arcrole/parent-child" xlink:from="gme_CommitmentsAndContingenciesAbstract" xlink:to="loc_CommitmentsAndContingenciesDisclosureTextBlock" order="20" use="optional" priority="1" preferredLabel="http://www.xbrl.org/2003/role/verboseLabel" />
  </presentationLink>
  <presentationLink xlink:type="extended" xlink:role="http://gamestop.com/role/SignificantProducts" xlink:title="0216 - Disclosure - Significant Products">
    <loc xlink:type="locator" xlink:href="gme-20110129.xsd#gme_SignificantProductsAbstract" xlink:label="gme_SignificantProductsAbstract" />
    <loc xlink:type="locator" xlink:href="gme-20110129.xsd#gme_SignificantProductsTextBlock" xlink:label="gme_SignificantProductsTextBlock" />
    <presentationArc xlink:type="arc" xlink:arcrole="http://www.xbrl.org/2003/arcrole/parent-child" xlink:from="gme_SignificantProductsAbstract" xlink:to="gme_SignificantProductsTextBlock" order="20" use="optional" preferredLabel="http://www.xbrl.org/2003/role/verboseLabel" priority="1" />
  </presentationLink>
  <presentationLink xlink:type="extended" xlink:role="http://gamestop.com/role/SegmentInformation" xlink:title="0217 - Disclosure - Segment Information">
    <loc xlink:type="locator" xlink:href="gme-20110129.xsd#gme_SegmentInformationAbstract" xlink:label="gme_SegmentInformationAbstract" />
    <loc xlink:type="locator" xlink:href="http://taxonomies.xbrl.us/us-gaap/2009/elts/us-gaap-2009-01-31.xsd#us-gaap_SegmentReportingDisclosureTextBlock" xlink:label="loc_SegmentReportingDisclosureTextBlock" />
    <presentationArc xlink:type="arc" xlink:arcrole="http://www.xbrl.org/2003/arcrole/parent-child" xlink:from="gme_SegmentInformationAbstract" xlink:to="loc_SegmentReportingDisclosureTextBlock" order="20" use="optional" priority="1" preferredLabel="http://www.xbrl.org/2003/role/verboseLabel" />
  </presentationLink>
  <presentationLink xlink:type="extended" xlink:role="http://gamestop.com/role/SupplementalCashFlowInformation" xlink:title="0218 - Disclosure - Supplemental Cash Flow Information">
    <loc xlink:type="locator" xlink:href="http://taxonomies.xbrl.us/us-gaap/2009/elts/us-gaap-2009-01-31.xsd#us-gaap_SupplementalCashFlowInformationAbstract" xlink:label="us-gaap_SupplementalCashFlowInformationAbstract" />
    <loc xlink:type="locator" xlink:href="http://taxonomies.xbrl.us/us-gaap/2009/elts/us-gaap-2009-01-31.xsd#us-gaap_CashFlowSupplementalDisclosuresTextBlock" xlink:label="loc_CashFlowSupplementalDisclosuresTextBlock" />
    <presentationArc xlink:type="arc" xlink:arcrole="http://www.xbrl.org/2003/arcrole/parent-child" xlink:from="us-gaap_SupplementalCashFlowInformationAbstract" xlink:to="loc_CashFlowSupplementalDisclosuresTextBlock" order="20" use="optional" priority="1" preferredLabel="http://www.xbrl.org/2003/role/verboseLabel" />
  </presentationLink>
  <presentationLink xlink:type="extended" xlink:role="http://gamestop.com/role/ConsolidatingFinancialStatements" xlink:title="0220 - Disclosure - Consolidating Financial Statements">
    <loc xlink:type="locator" xlink:href="gme-20110129.xsd#gme_ConsolidatingFinancialStatementsAbstract" xlink:label="gme_ConsolidatingFinancialStatementsAbstract" />
    <loc xlink:type="locator" xlink:href="http://taxonomies.xbrl.us/us-gaap/2009/elts/us-gaap-2009-01-31.xsd#us-gaap_ScheduleOfCondensedFinancialStatementsTextBlock" xlink:label="loc_ScheduleOfCondensedFinancialStatementsTextBlock" />
    <presentationArc xlink:type="arc" xlink:arcrole="http://www.xbrl.org/2003/arcrole/parent-child" xlink:from="gme_ConsolidatingFinancialStatementsAbstract" xlink:to="loc_ScheduleOfCondensedFinancialStatementsTextBlock" order="20" use="optional" preferredLabel="http://www.xbrl.org/2003/role/verboseLabel" />
  </presentationLink>
  <presentationLink xlink:type="extended" xlink:role="http://gamestop.com/role/FairValueMeasurementsAndFinancialInstruments" xlink:title="0205 - Disclosure - Fair Value Measurements and Financial Instruments">
    <loc xlink:type="locator" xlink:href="gme-20110129.xsd#gme_FairValueMeasurementsAndFinancialInstrumentsAbstract" xlink:label="gme_FairValueMeasurementsAndFinancialInstrumentsAbstract" />
    <loc xlink:type="locator" xlink:href="http://taxonomies.xbrl.us/us-gaap/2009/elts/us-gaap-2009-01-31.xsd#us-gaap_FairValueDisclosuresTextBlock" xlink:label="loc_FairValueDisclosuresTextBlock" />
    <presentationArc xlink:type="arc" xlink:arcrole="http://www.xbrl.org/2003/arcrole/parent-child" xlink:from="gme_FairValueMeasurementsAndFinancialInstrumentsAbstract" xlink:to="loc_FairValueDisclosuresTextBlock" order="20" use="optional" priority="1" preferredLabel="http://www.xbrl.org/2003/role/verboseLabel" />
  </presentationLink>
  <presentationLink xlink:type="extended" xlink:role="http://gamestop.com/role/DocumentAndEntityInformation" xlink:title="00 - Document - Document and Entity Information">
    <loc xlink:type="locator" xlink:href="gme-20110129.xsd#gme_DocumentAndEntityInformationAbstract" xlink:label="gme_DocumentAndEntityInformationAbstract" />
    <loc xlink:type="locator" xlink:href="http://taxonomies.xbrl.us/us-gaap/2009/non-gaap/dei-2009-01-31.xsd#dei_EntityRegistrantName" xlink:label="loc_EntityRegistrantName" />
    <presentationArc xlink:type="arc" xlink:arcrole="http://www.xbrl.org/2003/arcrole/parent-child" xlink:from="gme_DocumentAndEntityInformationAbstract" xlink:to="loc_EntityRegistrantName" order="20" use="optional" />
    <loc xlink:type="locator" xlink:href="http://taxonomies.xbrl.us/us-gaap/2009/non-gaap/dei-2009-01-31.xsd#dei_EntityCentralIndexKey" xlink:label="loc_EntityCentralIndexKey" />
    <presentationArc xlink:type="arc" xlink:arcrole="http://www.xbrl.org/2003/arcrole/parent-child" xlink:from="gme_DocumentAndEntityInformationAbstract" xlink:to="loc_EntityCentralIndexKey" order="40" use="optional" />
    <loc xlink:type="locator" xlink:href="http://taxonomies.xbrl.us/us-gaap/2009/non-gaap/dei-2009-01-31.xsd#dei_DocumentType" xlink:label="loc_DocumentType" />
    <presentationArc xlink:type="arc" xlink:arcrole="http://www.xbrl.org/2003/arcrole/parent-child" xlink:from="gme_DocumentAndEntityInformationAbstract" xlink:to="loc_DocumentType" order="60" use="optional" />
    <loc xlink:type="locator" xlink:href="http://taxonomies.xbrl.us/us-gaap/2009/non-gaap/dei-2009-01-31.xsd#dei_DocumentPeriodEndDate" xlink:label="loc_DocumentPeriodEndDate" />
    <presentationArc xlink:type="arc" xlink:arcrole="http://www.xbrl.org/2003/arcrole/parent-child" xlink:from="gme_DocumentAndEntityInformationAbstract" xlink:to="loc_DocumentPeriodEndDate" order="80" use="optional" />
    <loc xlink:type="locator" xlink:href="http://taxonomies.xbrl.us/us-gaap/2009/non-gaap/dei-2009-01-31.xsd#dei_AmendmentFlag" xlink:label="loc_AmendmentFlag" />
    <presentationArc xlink:type="arc" xlink:arcrole="http://www.xbrl.org/2003/arcrole/parent-child" xlink:from="gme_DocumentAndEntityInformationAbstract" xlink:to="loc_AmendmentFlag" order="100" use="optional" />
    <loc xlink:type="locator" xlink:href="http://taxonomies.xbrl.us/us-gaap/2009/non-gaap/dei-2009-01-31.xsd#dei_CurrentFiscalYearEndDate" xlink:label="loc_CurrentFiscalYearEndDate" />
    <presentationArc xlink:type="arc" xlink:arcrole="http://www.xbrl.org/2003/arcrole/parent-child" xlink:from="gme_DocumentAndEntityInformationAbstract" xlink:to="loc_CurrentFiscalYearEndDate" order="120" use="optional" />
    <loc xlink:type="locator" xlink:href="http://taxonomies.xbrl.us/us-gaap/2009/non-gaap/dei-2009-01-31.xsd#dei_EntityWellKnownSeasonedIssuer" xlink:label="loc_EntityWellKnownSeasonedIssuer" />
    <presentationArc xlink:type="arc" xlink:arcrole="http://www.xbrl.org/2003/arcrole/parent-child" xlink:from="gme_DocumentAndEntityInformationAbstract" xlink:to="loc_EntityWellKnownSeasonedIssuer" order="140" use="optional" />
    <loc xlink:type="locator" xlink:href="http://taxonomies.xbrl.us/us-gaap/2009/non-gaap/dei-2009-01-31.xsd#dei_EntityVoluntaryFilers" xlink:label="loc_EntityVoluntaryFilers" />
    <presentationArc xlink:type="arc" xlink:arcrole="http://www.xbrl.org/2003/arcrole/parent-child" xlink:from="gme_DocumentAndEntityInformationAbstract" xlink:to="loc_EntityVoluntaryFilers" order="160" use="optional" />
    <loc xlink:type="locator" xlink:href="http://taxonomies.xbrl.us/us-gaap/2009/non-gaap/dei-2009-01-31.xsd#dei_EntityCurrentReportingStatus" xlink:label="loc_EntityCurrentReportingStatus" />
    <presentationArc xlink:type="arc" xlink:arcrole="http://www.xbrl.org/2003/arcrole/parent-child" xlink:from="gme_DocumentAndEntityInformationAbstract" xlink:to="loc_EntityCurrentReportingStatus" order="180" use="optional" />
    <loc xlink:type="locator" xlink:href="http://taxonomies.xbrl.us/us-gaap/2009/non-gaap/dei-2009-01-31.xsd#dei_EntityFilerCategory" xlink:label="loc_EntityFilerCategory" />
    <presentationArc xlink:type="arc" xlink:arcrole="http://www.xbrl.org/2003/arcrole/parent-child" xlink:from="gme_DocumentAndEntityInformationAbstract" xlink:to="loc_EntityFilerCategory" order="200" use="optional" />
    <loc xlink:type="locator" xlink:href="http://taxonomies.xbrl.us/us-gaap/2009/non-gaap/dei-2009-01-31.xsd#dei_EntityPublicFloat" xlink:label="loc_EntityPublicFloat" />
    <presentationArc xlink:type="arc" xlink:arcrole="http://www.xbrl.org/2003/arcrole/parent-child" xlink:from="gme_DocumentAndEntityInformationAbstract" xlink:to="loc_EntityPublicFloat" order="220" use="optional" />
    <loc xlink:type="locator" xlink:href="http://taxonomies.xbrl.us/us-gaap/2009/non-gaap/dei-2009-01-31.xsd#dei_EntityCommonStockSharesOutstanding" xlink:label="loc_EntityCommonStockSharesOutstanding" />
    <presentationArc xlink:type="arc" xlink:arcrole="http://www.xbrl.org/2003/arcrole/parent-child" xlink:from="gme_DocumentAndEntityInformationAbstract" xlink:to="loc_EntityCommonStockSharesOutstanding" order="240" use="optional" />
    <loc xlink:type="locator" xlink:href="http://taxonomies.xbrl.us/us-gaap/2009/non-gaap/dei-2009-01-31.xsd#dei_DocumentFiscalYearFocus" xlink:label="loc_DocumentFiscalYearFocus" />
    <presentationArc xlink:type="arc" xlink:arcrole="http://www.xbrl.org/2003/arcrole/parent-child" xlink:from="gme_DocumentAndEntityInformationAbstract" xlink:to="loc_DocumentFiscalYearFocus" order="110" use="optional" />
    <loc xlink:type="locator" xlink:href="http://taxonomies.xbrl.us/us-gaap/2009/non-gaap/dei-2009-01-31.xsd#dei_DocumentFiscalPeriodFocus" xlink:label="loc_DocumentFiscalPeriodFocus" />
    <presentationArc xlink:type="arc" xlink:arcrole="http://www.xbrl.org/2003/arcrole/parent-child" xlink:from="gme_DocumentAndEntityInformationAbstract" xlink:to="loc_DocumentFiscalPeriodFocus" order="115" use="optional" />
  </presentationLink>
  <presentationLink xlink:type="extended" xlink:role="http://gamestop.com/role/ComputationOfNetIncomePerCommonShare" xlink:title="0204 - Disclosure - Computation of Net Income per Common Share">
    <loc xlink:type="locator" xlink:href="http://taxonomies.xbrl.us/us-gaap/2009/elts/us-gaap-2009-01-31.xsd#us-gaap_EarningsPerShareAbstract" xlink:label="loc_EarningsPerShareAbstract" />
    <loc xlink:type="locator" xlink:href="http://taxonomies.xbrl.us/us-gaap/2009/elts/us-gaap-2009-01-31.xsd#us-gaap_EarningsPerShareTextBlock" xlink:label="loc_EarningsPerShareTextBlock" />
    <presentationArc xlink:type="arc" xlink:arcrole="http://www.xbrl.org/2003/arcrole/parent-child" xlink:from="loc_EarningsPerShareAbstract" xlink:to="loc_EarningsPerShareTextBlock" order="20" use="optional" preferredLabel="http://www.xbrl.org/2003/role/verboseLabel" />
  </presentationLink>
  <presentationLink xlink:type="extended" xlink:role="http://gamestop.com/role/StatementOfStockholdersEquity" xlink:title="0130 - Statement - Consolidated Statements of Changes in Equity">
    <loc xlink:type="locator" xlink:href="http://taxonomies.xbrl.us/us-gaap/2009/elts/us-gaap-2009-01-31.xsd#us-gaap_StockholdersEquityAbstract" xlink:label="us-gaap_StockholdersEquityAbstract" />
    <loc xlink:type="locator" xlink:href="http://taxonomies.xbrl.us/us-gaap/2009/elts/us-gaap-2009-01-31.xsd#us-gaap_StatementTable" xlink:label="loc_StatementTable" />
    <presentationArc xlink:type="arc" xlink:arcrole="http://www.xbrl.org/2003/arcrole/parent-child" xlink:from="us-gaap_StockholdersEquityAbstract" xlink:to="loc_StatementTable" order="20" use="optional" />
    <loc xlink:type="locator" xlink:href="http://taxonomies.xbrl.us/us-gaap/2009/elts/us-gaap-2009-01-31.xsd#us-gaap_StatementEquityComponentsAxis" xlink:label="loc_StatementEquityComponentsAxis" />
    <presentationArc xlink:type="arc" xlink:arcrole="http://www.xbrl.org/2003/arcrole/parent-child" xlink:from="loc_StatementTable" xlink:to="loc_StatementEquityComponentsAxis" order="20" use="optional" />
    <loc xlink:type="locator" xlink:href="http://taxonomies.xbrl.us/us-gaap/2009/elts/us-gaap-2009-01-31.xsd#us-gaap_EquityComponentDomain" xlink:label="loc_EquityComponentDomain" />
    <presentationArc xlink:type="arc" xlink:arcrole="http://www.xbrl.org/2003/arcrole/parent-child" xlink:from="loc_StatementEquityComponentsAxis" xlink:to="loc_EquityComponentDomain" order="20" use="optional" />
    <loc xlink:type="locator" xlink:href="http://taxonomies.xbrl.us/us-gaap/2009/elts/us-gaap-2009-01-31.xsd#us-gaap_ParentMember" xlink:label="loc_ParentMember" />
    <presentationArc xlink:type="arc" xlink:arcrole="http://www.xbrl.org/2003/arcrole/parent-child" xlink:from="loc_EquityComponentDomain" xlink:to="loc_ParentMember" order="20" use="optional" />
    <loc xlink:type="locator" xlink:href="http://taxonomies.xbrl.us/us-gaap/2009/elts/us-gaap-2009-01-31.xsd#us-gaap_CommonStockMember" xlink:label="loc_CommonStockMember" />
    <presentationArc xlink:type="arc" xlink:arcrole="http://www.xbrl.org/2003/arcrole/parent-child" xlink:from="loc_ParentMember" xlink:to="loc_CommonStockMember" order="20" use="optional" />
    <loc xlink:type="locator" xlink:href="http://taxonomies.xbrl.us/us-gaap/2009/elts/us-gaap-2009-01-31.xsd#us-gaap_AdditionalPaidInCapitalMember" xlink:label="loc_AdditionalPaidInCapitalMember" />
    <presentationArc xlink:type="arc" xlink:arcrole="http://www.xbrl.org/2003/arcrole/parent-child" xlink:from="loc_ParentMember" xlink:to="loc_AdditionalPaidInCapitalMember" order="40" use="optional" />
    <loc xlink:type="locator" xlink:href="http://taxonomies.xbrl.us/us-gaap/2009/elts/us-gaap-2009-01-31.xsd#us-gaap_AccumulatedOtherComprehensiveIncomeMember" xlink:label="loc_AccumulatedOtherComprehensiveIncomeMember" />
    <presentationArc xlink:type="arc" xlink:arcrole="http://www.xbrl.org/2003/arcrole/parent-child" xlink:from="loc_ParentMember" xlink:to="loc_AccumulatedOtherComprehensiveIncomeMember" order="60" use="optional" />
    <loc xlink:type="locator" xlink:href="http://taxonomies.xbrl.us/us-gaap/2009/elts/us-gaap-2009-01-31.xsd#us-gaap_RetainedEarningsMember" xlink:label="loc_RetainedEarningsMember" />
    <presentationArc xlink:type="arc" xlink:arcrole="http://www.xbrl.org/2003/arcrole/parent-child" xlink:from="loc_ParentMember" xlink:to="loc_RetainedEarningsMember" order="80" use="optional" />
    <loc xlink:type="locator" xlink:href="http://taxonomies.xbrl.us/us-gaap/2009/elts/us-gaap-2009-01-31.xsd#us-gaap_NoncontrollingInterestMember" xlink:label="loc_NoncontrollingInterestMember" />
    <presentationArc xlink:type="arc" xlink:arcrole="http://www.xbrl.org/2003/arcrole/parent-child" xlink:from="loc_EquityComponentDomain" xlink:to="loc_NoncontrollingInterestMember" order="40" use="optional" />
    <loc xlink:type="locator" xlink:href="http://taxonomies.xbrl.us/us-gaap/2009/elts/us-gaap-2009-01-31.xsd#us-gaap_StatementLineItems" xlink:label="loc_StatementLineItems" />
    <presentationArc xlink:type="arc" xlink:arcrole="http://www.xbrl.org/2003/arcrole/parent-child" xlink:from="loc_StatementTable" xlink:to="loc_StatementLineItems" order="40" use="optional" />
    <loc xlink:type="locator" xlink:href="http://taxonomies.xbrl.us/us-gaap/2009/elts/us-gaap-2009-01-31.xsd#us-gaap_StockholdersEquityIncludingPortionAttributableToNoncontrollingInterest" xlink:label="loc_StockholdersEquityIncludingPortionAttributableToNoncontrollingInterest" />
    <presentationArc xlink:type="arc" xlink:arcrole="http://www.xbrl.org/2003/arcrole/parent-child" xlink:from="loc_StatementLineItems" xlink:to="loc_StockholdersEquityIncludingPortionAttributableToNoncontrollingInterest" order="20" use="optional" preferredLabel="http://www.xbrl.org/2003/role/periodStartLabel" />
    <loc xlink:type="locator" xlink:href="http://taxonomies.xbrl.us/us-gaap/2009/elts/us-gaap-2009-01-31.xsd#us-gaap_SharesIssued" xlink:label="loc_SharesIssued" />
    <presentationArc xlink:type="arc" xlink:arcrole="http://www.xbrl.org/2003/arcrole/parent-child" xlink:from="loc_StatementLineItems" xlink:to="loc_SharesIssued" order="40" use="optional" preferredLabel="http://www.xbrl.org/2003/role/periodStartLabel" />
    <loc xlink:type="locator" xlink:href="http://taxonomies.xbrl.us/us-gaap/2009/elts/us-gaap-2009-01-31.xsd#us-gaap_OtherComprehensiveIncomeLossNetOfTaxPeriodIncreaseDecreaseAbstract" xlink:label="loc_OtherComprehensiveIncomeLossNetOfTaxPeriodIncreaseDecreaseAbstract" />
    <presentationArc xlink:type="arc" xlink:arcrole="http://www.xbrl.org/2003/arcrole/parent-child" xlink:from="loc_StatementLineItems" xlink:to="loc_OtherComprehensiveIncomeLossNetOfTaxPeriodIncreaseDecreaseAbstract" order="100" use="optional" preferredLabel="http://www.xbrl.org/2003/role/verboseLabel" />
    <loc xlink:type="locator" xlink:href="http://taxonomies.xbrl.us/us-gaap/2009/elts/us-gaap-2009-01-31.xsd#us-gaap_ProfitLoss" xlink:label="loc_ProfitLoss" />
    <presentationArc xlink:type="arc" xlink:arcrole="http://www.xbrl.org/2003/arcrole/parent-child" xlink:from="loc_OtherComprehensiveIncomeLossNetOfTaxPeriodIncreaseDecreaseAbstract" xlink:to="loc_ProfitLoss" order="42.5" use="optional" preferredLabel="http://www.xbrl.org/2003/role/verboseLabel" />
    <loc xlink:type="locator" xlink:href="http://taxonomies.xbrl.us/us-gaap/2009/elts/us-gaap-2009-01-31.xsd#us-gaap_OtherComprehensiveIncomeForeignCurrencyTransactionAndTranslationAdjustmentNetOfTaxPeriodIncreaseDecrease" xlink:label="loc_OtherComprehensiveIncomeForeignCurrencyTransactionAndTranslationAdjustmentNetOfTaxPeriodIncreaseDecrease" />
    <presentationArc xlink:type="arc" xlink:arcrole="http://www.xbrl.org/2003/arcrole/parent-child" xlink:from="loc_OtherComprehensiveIncomeLossNetOfTaxPeriodIncreaseDecreaseAbstract" xlink:to="loc_OtherComprehensiveIncomeForeignCurrencyTransactionAndTranslationAdjustmentNetOfTaxPeriodIncreaseDecrease" order="45" use="optional" preferredLabel="http://www.xbrl.org/2003/role/verboseLabel" />
    <loc xlink:type="locator" xlink:href="http://taxonomies.xbrl.us/us-gaap/2009/elts/us-gaap-2009-01-31.xsd#us-gaap_ComprehensiveIncomeNetOfTax" xlink:label="loc_ComprehensiveIncomeNetOfTax" />
    <presentationArc xlink:type="arc" xlink:arcrole="http://www.xbrl.org/2003/arcrole/parent-child" xlink:from="loc_OtherComprehensiveIncomeLossNetOfTaxPeriodIncreaseDecreaseAbstract" xlink:to="loc_ComprehensiveIncomeNetOfTax" order="50" use="optional" preferredLabel="http://www.xbrl.org/2003/role/verboseLabel" />
    <loc xlink:type="locator" xlink:href="http://taxonomies.xbrl.us/us-gaap/2009/elts/us-gaap-2009-01-31.xsd#us-gaap_AdjustmentsToAdditionalPaidInCapitalSharebasedCompensationRequisiteServicePeriodRecognitionValue" xlink:label="loc_AdjustmentsToAdditionalPaidInCapitalSharebasedCompensationRequisiteServicePeriodRecognitionValue" />
    <presentationArc xlink:type="arc" xlink:arcrole="http://www.xbrl.org/2003/arcrole/parent-child" xlink:from="loc_StatementLineItems" xlink:to="loc_AdjustmentsToAdditionalPaidInCapitalSharebasedCompensationRequisiteServicePeriodRecognitionValue" order="110" use="optional" preferredLabel="http://www.xbrl.org/2003/role/verboseLabel" />
    <loc xlink:type="locator" xlink:href="gme-20110129.xsd#gme_ExerciseOfStockOptionsAndIssuanceOfSharesUponVestingOfRestrictedStockGrants" xlink:label="gme_ExerciseOfStockOptionsAndIssuanceOfSharesUponVestingOfRestrictedStockGrants" />
    <presentationArc xlink:type="arc" xlink:arcrole="http://www.xbrl.org/2003/arcrole/parent-child" xlink:from="loc_StatementLineItems" xlink:to="gme_ExerciseOfStockOptionsAndIssuanceOfSharesUponVestingOfRestrictedStockGrants" order="170" use="optional" preferredLabel="http://www.xbrl.org/2003/role/totalLabel" />
    <loc xlink:type="locator" xlink:href="gme-20110129.xsd#gme_ExerciseOfStockOptionsAndIssuanceOfSharesUponVestingOfRestrictedStockGrantsShares" xlink:label="gme_ExerciseOfStockOptionsAndIssuanceOfSharesUponVestingOfRestrictedStockGrantsShares" />
    <presentationArc xlink:type="arc" xlink:arcrole="http://www.xbrl.org/2003/arcrole/parent-child" xlink:from="loc_StatementLineItems" xlink:to="gme_ExerciseOfStockOptionsAndIssuanceOfSharesUponVestingOfRestrictedStockGrantsShares" order="200" use="optional" preferredLabel="http://www.xbrl.org/2003/role/totalLabel" />
    <loc xlink:type="locator" xlink:href="http://taxonomies.xbrl.us/us-gaap/2009/elts/us-gaap-2009-01-31.xsd#us-gaap_StockholdersEquityIncludingPortionAttributableToNoncontrollingInterest" xlink:label="loc_StockholdersEquityIncludingPortionAttributableToNoncontrollingInterest_1" />
    <presentationArc xlink:type="arc" xlink:arcrole="http://www.xbrl.org/2003/arcrole/parent-child" xlink:from="loc_StatementLineItems" xlink:to="loc_StockholdersEquityIncludingPortionAttributableToNoncontrollingInterest_1" order="220" use="optional" preferredLabel="http://www.xbrl.org/2003/role/periodEndLabel" />
    <loc xlink:type="locator" xlink:href="http://taxonomies.xbrl.us/us-gaap/2009/elts/us-gaap-2009-01-31.xsd#us-gaap_SharesIssued" xlink:label="loc_SharesIssued_1" />
    <presentationArc xlink:type="arc" xlink:arcrole="http://www.xbrl.org/2003/arcrole/parent-child" xlink:from="loc_StatementLineItems" xlink:to="loc_SharesIssued_1" order="240" use="optional" preferredLabel="http://www.xbrl.org/2003/role/periodEndLabel" />
    <loc xlink:type="locator" xlink:href="http://taxonomies.xbrl.us/us-gaap/2009/elts/us-gaap-2009-01-31.xsd#us-gaap_StockRepurchasedDuringPeriodValue" xlink:label="us-gaap_StockRepurchasedDuringPeriodValue_2" />
    <presentationArc xlink:type="arc" xlink:arcrole="http://www.xbrl.org/2003/arcrole/parent-child" xlink:from="loc_StatementLineItems" xlink:to="us-gaap_StockRepurchasedDuringPeriodValue_2" order="115" use="optional" preferredLabel="http://xbrl.us/us-gaap/role/label/negated" />
    <loc xlink:type="locator" xlink:href="http://taxonomies.xbrl.us/us-gaap/2009/elts/us-gaap-2009-01-31.xsd#us-gaap_StockRepurchasedDuringPeriodShares" xlink:label="us-gaap_StockRepurchasedDuringPeriodShares_2" />
    <presentationArc xlink:type="arc" xlink:arcrole="http://www.xbrl.org/2003/arcrole/parent-child" xlink:from="loc_StatementLineItems" xlink:to="us-gaap_StockRepurchasedDuringPeriodShares_2" order="160" use="optional" preferredLabel="http://www.xbrl.org/2003/role/verboseLabel" />
    <loc xlink:type="locator" xlink:href="http://taxonomies.xbrl.us/us-gaap/2009/elts/us-gaap-2009-01-31.xsd#us-gaap_MinorityInterestDecreaseFromRedemptions" xlink:label="loc_MinorityInterestDecreaseFromRedemptions" />
    <presentationArc xlink:type="arc" xlink:arcrole="http://www.xbrl.org/2003/arcrole/parent-child" xlink:from="loc_StatementLineItems" xlink:to="loc_MinorityInterestDecreaseFromRedemptions" order="70" use="optional" preferredLabel="http://www.xbrl.org/2003/role/verboseLabel" />
  </presentationLink>
  <presentationLink xlink:type="extended" xlink:role="http://gamestop.com/role/StatementOfStockholdersEquityParenthetical" xlink:title="0131 - Statement - Consolidated Statements of Changes in Equity (Parenthetical)">
    <loc xlink:type="locator" xlink:href="http://taxonomies.xbrl.us/us-gaap/2009/elts/us-gaap-2009-01-31.xsd#us-gaap_StockholdersEquityAbstract" xlink:label="us-gaap_StockholdersEquityAbstract" />
    <loc xlink:type="locator" xlink:href="gme-20110129.xsd#gme_TaxBenefitForExerciseOfStockOptionsAndIssuanceOfSharesUponVestingOfRestrictedStockGrants" xlink:label="gme_TaxBenefitForExerciseOfStockOptionsAndIssuanceOfSharesUponVestingOfRestrictedStockGrants" />
    <presentationArc xlink:type="arc" xlink:arcrole="http://www.xbrl.org/2003/arcrole/parent-child" xlink:from="us-gaap_StockholdersEquityAbstract" xlink:to="gme_TaxBenefitForExerciseOfStockOptionsAndIssuanceOfSharesUponVestingOfRestrictedStockGrants" order="30" use="optional" preferredLabel="http://www.xbrl.org/2003/role/verboseLabel" priority="1" />
  </presentationLink>
  <presentationLink xlink:type="extended" xlink:role="http://gamestop.com/role/StatementsOfCashFlows" xlink:title="0140 - Statement - Consolidated Statements of Cash Flows">
    <loc xlink:type="locator" xlink:href="http://taxonomies.xbrl.us/us-gaap/2009/elts/us-gaap-2009-01-31.xsd#us-gaap_StatementOfCashFlowsAbstract" xlink:label="loc_StatementOfCashFlowsAbstract" />
    <loc xlink:type="locator" xlink:href="http://taxonomies.xbrl.us/us-gaap/2009/elts/us-gaap-2009-01-31.xsd#us-gaap_NetCashProvidedByUsedInOperatingActivitiesAbstract" xlink:label="loc_NetCashProvidedByUsedInOperatingActivitiesAbstract" />
    <presentationArc xlink:type="arc" xlink:arcrole="http://www.xbrl.org/2003/arcrole/parent-child" xlink:from="loc_StatementOfCashFlowsAbstract" xlink:to="loc_NetCashProvidedByUsedInOperatingActivitiesAbstract" order="20" use="optional" preferredLabel="http://www.xbrl.org/2003/role/verboseLabel" />
    <loc xlink:type="locator" xlink:href="http://taxonomies.xbrl.us/us-gaap/2009/elts/us-gaap-2009-01-31.xsd#us-gaap_ProfitLoss" xlink:label="loc_ProfitLoss" />
    <presentationArc xlink:type="arc" xlink:arcrole="http://www.xbrl.org/2003/arcrole/parent-child" xlink:from="loc_NetCashProvidedByUsedInOperatingActivitiesAbstract" xlink:to="loc_ProfitLoss" order="20" use="optional" preferredLabel="http://www.xbrl.org/2003/role/terseLabel" />
    <loc xlink:type="locator" xlink:href="http://taxonomies.xbrl.us/us-gaap/2009/elts/us-gaap-2009-01-31.xsd#us-gaap_AdjustmentsToReconcileNetIncomeLossToCashProvidedByUsedInOperatingActivitiesAbstract" xlink:label="loc_AdjustmentsToReconcileNetIncomeLossToCashProvidedByUsedInOperatingActivitiesAbstract" />
    <presentationArc xlink:type="arc" xlink:arcrole="http://www.xbrl.org/2003/arcrole/parent-child" xlink:from="loc_NetCashProvidedByUsedInOperatingActivitiesAbstract" xlink:to="loc_AdjustmentsToReconcileNetIncomeLossToCashProvidedByUsedInOperatingActivitiesAbstract" order="40" use="optional" preferredLabel="http://www.xbrl.org/2003/role/verboseLabel" />
    <loc xlink:type="locator" xlink:href="http://taxonomies.xbrl.us/us-gaap/2009/elts/us-gaap-2009-01-31.xsd#us-gaap_OtherDepreciationAndAmortization" xlink:label="loc_OtherDepreciationAndAmortization" />
    <presentationArc xlink:type="arc" xlink:arcrole="http://www.xbrl.org/2003/arcrole/parent-child" xlink:from="loc_AdjustmentsToReconcileNetIncomeLossToCashProvidedByUsedInOperatingActivitiesAbstract" xlink:to="loc_OtherDepreciationAndAmortization" order="20" use="optional" preferredLabel="http://www.xbrl.org/2003/role/verboseLabel" />
    <loc xlink:type="locator" xlink:href="http://taxonomies.xbrl.us/us-gaap/2009/elts/us-gaap-2009-01-31.xsd#us-gaap_AmortizationOfFinancingCostsAndDiscounts" xlink:label="loc_AmortizationOfFinancingCostsAndDiscounts" />
    <presentationArc xlink:type="arc" xlink:arcrole="http://www.xbrl.org/2003/arcrole/parent-child" xlink:from="loc_AdjustmentsToReconcileNetIncomeLossToCashProvidedByUsedInOperatingActivitiesAbstract" xlink:to="loc_AmortizationOfFinancingCostsAndDiscounts" order="60" use="optional" preferredLabel="http://www.xbrl.org/2003/role/verboseLabel" />
    <loc xlink:type="locator" xlink:href="http://taxonomies.xbrl.us/us-gaap/2009/elts/us-gaap-2009-01-31.xsd#us-gaap_ShareBasedCompensation" xlink:label="loc_ShareBasedCompensation" />
    <presentationArc xlink:type="arc" xlink:arcrole="http://www.xbrl.org/2003/arcrole/parent-child" xlink:from="loc_AdjustmentsToReconcileNetIncomeLossToCashProvidedByUsedInOperatingActivitiesAbstract" xlink:to="loc_ShareBasedCompensation" order="80" use="optional" preferredLabel="http://www.xbrl.org/2003/role/verboseLabel" />
    <loc xlink:type="locator" xlink:href="http://taxonomies.xbrl.us/us-gaap/2009/elts/us-gaap-2009-01-31.xsd#us-gaap_DeferredIncomeTaxExpenseBenefit" xlink:label="loc_DeferredIncomeTaxExpenseBenefit" />
    <presentationArc xlink:type="arc" xlink:arcrole="http://www.xbrl.org/2003/arcrole/parent-child" xlink:from="loc_AdjustmentsToReconcileNetIncomeLossToCashProvidedByUsedInOperatingActivitiesAbstract" xlink:to="loc_DeferredIncomeTaxExpenseBenefit" order="100" use="optional" preferredLabel="http://www.xbrl.org/2003/role/verboseLabel" />
    <loc xlink:type="locator" xlink:href="http://taxonomies.xbrl.us/us-gaap/2009/elts/us-gaap-2009-01-31.xsd#us-gaap_ExcessTaxBenefitFromShareBasedCompensationOperatingActivities" xlink:label="loc_ExcessTaxBenefitFromShareBasedCompensationOperatingActivities" />
    <presentationArc xlink:type="arc" xlink:arcrole="http://www.xbrl.org/2003/arcrole/parent-child" xlink:from="loc_AdjustmentsToReconcileNetIncomeLossToCashProvidedByUsedInOperatingActivitiesAbstract" xlink:to="loc_ExcessTaxBenefitFromShareBasedCompensationOperatingActivities" order="120" use="optional" preferredLabel="http://xbrl.us/us-gaap/role/label/negated" />
    <loc xlink:type="locator" xlink:href="http://taxonomies.xbrl.us/us-gaap/2009/elts/us-gaap-2009-01-31.xsd#us-gaap_GainLossOnSaleOfPropertyPlantEquipment" xlink:label="loc_GainLossOnSaleOfPropertyPlantEquipment" />
    <presentationArc xlink:type="arc" xlink:arcrole="http://www.xbrl.org/2003/arcrole/parent-child" xlink:from="loc_AdjustmentsToReconcileNetIncomeLossToCashProvidedByUsedInOperatingActivitiesAbstract" xlink:to="loc_GainLossOnSaleOfPropertyPlantEquipment" order="140" use="optional" preferredLabel="http://xbrl.us/us-gaap/role/label/negated" />
    <loc xlink:type="locator" xlink:href="gme-20110129.xsd#gme_ChangesInOtherLongTermLiabilities" xlink:label="gme_ChangesInOtherLongTermLiabilities" />
    <presentationArc xlink:type="arc" xlink:arcrole="http://www.xbrl.org/2003/arcrole/parent-child" xlink:from="loc_AdjustmentsToReconcileNetIncomeLossToCashProvidedByUsedInOperatingActivitiesAbstract" xlink:to="gme_ChangesInOtherLongTermLiabilities" order="160" use="optional" preferredLabel="http://xbrl.us/us-gaap/role/label/negated" />
    <loc xlink:type="locator" xlink:href="http://taxonomies.xbrl.us/us-gaap/2009/elts/us-gaap-2009-01-31.xsd#us-gaap_IncreaseDecreaseInOperatingCapitalAbstract" xlink:label="loc_IncreaseDecreaseInOperatingCapitalAbstract" />
    <presentationArc xlink:type="arc" xlink:arcrole="http://www.xbrl.org/2003/arcrole/parent-child" xlink:from="loc_NetCashProvidedByUsedInOperatingActivitiesAbstract" xlink:to="loc_IncreaseDecreaseInOperatingCapitalAbstract" order="60" use="optional" preferredLabel="http://www.xbrl.org/2003/role/verboseLabel" />
    <loc xlink:type="locator" xlink:href="http://taxonomies.xbrl.us/us-gaap/2009/elts/us-gaap-2009-01-31.xsd#us-gaap_IncreaseDecreaseInReceivables" xlink:label="loc_IncreaseDecreaseInReceivables" />
    <presentationArc xlink:type="arc" xlink:arcrole="http://www.xbrl.org/2003/arcrole/parent-child" xlink:from="loc_IncreaseDecreaseInOperatingCapitalAbstract" xlink:to="loc_IncreaseDecreaseInReceivables" order="20" use="optional" preferredLabel="http://xbrl.us/us-gaap/role/label/negated" />
    <loc xlink:type="locator" xlink:href="http://taxonomies.xbrl.us/us-gaap/2009/elts/us-gaap-2009-01-31.xsd#us-gaap_IncreaseDecreaseInInventories" xlink:label="loc_IncreaseDecreaseInInventories" />
    <presentationArc xlink:type="arc" xlink:arcrole="http://www.xbrl.org/2003/arcrole/parent-child" xlink:from="loc_IncreaseDecreaseInOperatingCapitalAbstract" xlink:to="loc_IncreaseDecreaseInInventories" order="40" use="optional" preferredLabel="http://xbrl.us/us-gaap/role/label/negated" />
    <loc xlink:type="locator" xlink:href="http://taxonomies.xbrl.us/us-gaap/2009/elts/us-gaap-2009-01-31.xsd#us-gaap_IncreaseDecreaseInPrepaidDeferredExpenseAndOtherAssets" xlink:label="loc_IncreaseDecreaseInPrepaidDeferredExpenseAndOtherAssets" />
    <presentationArc xlink:type="arc" xlink:arcrole="http://www.xbrl.org/2003/arcrole/parent-child" xlink:from="loc_IncreaseDecreaseInOperatingCapitalAbstract" xlink:to="loc_IncreaseDecreaseInPrepaidDeferredExpenseAndOtherAssets" order="60" use="optional" preferredLabel="http://xbrl.us/us-gaap/role/label/negated" />
    <loc xlink:type="locator" xlink:href="gme-20110129.xsd#gme_PrepaidIncomeTaxesAndAccruedIncomeTaxesPayable" xlink:label="gme_PrepaidIncomeTaxesAndAccruedIncomeTaxesPayable" />
    <presentationArc xlink:type="arc" xlink:arcrole="http://www.xbrl.org/2003/arcrole/parent-child" xlink:from="loc_IncreaseDecreaseInOperatingCapitalAbstract" xlink:to="gme_PrepaidIncomeTaxesAndAccruedIncomeTaxesPayable" order="80" use="optional" preferredLabel="http://xbrl.us/us-gaap/role/label/negated" />
    <loc xlink:type="locator" xlink:href="http://taxonomies.xbrl.us/us-gaap/2009/elts/us-gaap-2009-01-31.xsd#us-gaap_IncreaseDecreaseInAccountsPayableAndAccruedLiabilities" xlink:label="loc_IncreaseDecreaseInAccountsPayableAndAccruedLiabilities" />
    <presentationArc xlink:type="arc" xlink:arcrole="http://www.xbrl.org/2003/arcrole/parent-child" xlink:from="loc_IncreaseDecreaseInOperatingCapitalAbstract" xlink:to="loc_IncreaseDecreaseInAccountsPayableAndAccruedLiabilities" order="100" use="optional" preferredLabel="http://www.xbrl.org/2003/role/totalLabel" />
    <loc xlink:type="locator" xlink:href="http://taxonomies.xbrl.us/us-gaap/2009/elts/us-gaap-2009-01-31.xsd#us-gaap_NetCashProvidedByUsedInOperatingActivities" xlink:label="loc_NetCashProvidedByUsedInOperatingActivities" />
    <presentationArc xlink:type="arc" xlink:arcrole="http://www.xbrl.org/2003/arcrole/parent-child" xlink:from="loc_NetCashProvidedByUsedInOperatingActivitiesAbstract" xlink:to="loc_NetCashProvidedByUsedInOperatingActivities" order="80" use="optional" preferredLabel="http://www.xbrl.org/2003/role/totalLabel" />
    <loc xlink:type="locator" xlink:href="http://taxonomies.xbrl.us/us-gaap/2009/elts/us-gaap-2009-01-31.xsd#us-gaap_NetCashProvidedByUsedInInvestingActivitiesAbstract" xlink:label="loc_NetCashProvidedByUsedInInvestingActivitiesAbstract" />
    <presentationArc xlink:type="arc" xlink:arcrole="http://www.xbrl.org/2003/arcrole/parent-child" xlink:from="loc_StatementOfCashFlowsAbstract" xlink:to="loc_NetCashProvidedByUsedInInvestingActivitiesAbstract" order="40" use="optional" preferredLabel="http://www.xbrl.org/2003/role/verboseLabel" />
    <loc xlink:type="locator" xlink:href="http://taxonomies.xbrl.us/us-gaap/2009/elts/us-gaap-2009-01-31.xsd#us-gaap_PaymentsToAcquirePropertyPlantAndEquipment" xlink:label="loc_PaymentsToAcquirePropertyPlantAndEquipment" />
    <presentationArc xlink:type="arc" xlink:arcrole="http://www.xbrl.org/2003/arcrole/parent-child" xlink:from="loc_NetCashProvidedByUsedInInvestingActivitiesAbstract" xlink:to="loc_PaymentsToAcquirePropertyPlantAndEquipment" order="20" use="optional" preferredLabel="http://xbrl.us/us-gaap/role/label/negated" />
    <loc xlink:type="locator" xlink:href="http://taxonomies.xbrl.us/us-gaap/2009/elts/us-gaap-2009-01-31.xsd#us-gaap_PaymentsToAcquireBusinessesNetOfCashAcquired" xlink:label="loc_PaymentsToAcquireBusinessesNetOfCashAcquired" />
    <presentationArc xlink:type="arc" xlink:arcrole="http://www.xbrl.org/2003/arcrole/parent-child" xlink:from="loc_NetCashProvidedByUsedInInvestingActivitiesAbstract" xlink:to="loc_PaymentsToAcquireBusinessesNetOfCashAcquired" order="40" use="optional" preferredLabel="http://xbrl.us/us-gaap/role/label/negated" />
    <loc xlink:type="locator" xlink:href="http://taxonomies.xbrl.us/us-gaap/2009/elts/us-gaap-2009-01-31.xsd#us-gaap_PaymentsForProceedsFromOtherInvestingActivities" xlink:label="loc_PaymentsForProceedsFromOtherInvestingActivities" />
    <presentationArc xlink:type="arc" xlink:arcrole="http://www.xbrl.org/2003/arcrole/parent-child" xlink:from="loc_NetCashProvidedByUsedInInvestingActivitiesAbstract" xlink:to="loc_PaymentsForProceedsFromOtherInvestingActivities" order="60" use="optional" preferredLabel="http://xbrl.us/us-gaap/role/label/negatedTotal" />
    <loc xlink:type="locator" xlink:href="http://taxonomies.xbrl.us/us-gaap/2009/elts/us-gaap-2009-01-31.xsd#us-gaap_NetCashProvidedByUsedInInvestingActivities" xlink:label="loc_NetCashProvidedByUsedInInvestingActivities" />
    <presentationArc xlink:type="arc" xlink:arcrole="http://www.xbrl.org/2003/arcrole/parent-child" xlink:from="loc_NetCashProvidedByUsedInInvestingActivitiesAbstract" xlink:to="loc_NetCashProvidedByUsedInInvestingActivities" order="80" use="optional" preferredLabel="http://www.xbrl.org/2003/role/totalLabel" />
    <loc xlink:type="locator" xlink:href="http://taxonomies.xbrl.us/us-gaap/2009/elts/us-gaap-2009-01-31.xsd#us-gaap_NetCashProvidedByUsedInFinancingActivitiesAbstract" xlink:label="loc_NetCashProvidedByUsedInFinancingActivitiesAbstract" />
    <presentationArc xlink:type="arc" xlink:arcrole="http://www.xbrl.org/2003/arcrole/parent-child" xlink:from="loc_StatementOfCashFlowsAbstract" xlink:to="loc_NetCashProvidedByUsedInFinancingActivitiesAbstract" order="60" use="optional" preferredLabel="http://www.xbrl.org/2003/role/verboseLabel" />
    <loc xlink:type="locator" xlink:href="http://taxonomies.xbrl.us/us-gaap/2009/elts/us-gaap-2009-01-31.xsd#us-gaap_RepaymentsOfSeniorDebt" xlink:label="loc_RepaymentsOfSeniorDebt" />
    <presentationArc xlink:type="arc" xlink:arcrole="http://www.xbrl.org/2003/arcrole/parent-child" xlink:from="loc_NetCashProvidedByUsedInFinancingActivitiesAbstract" xlink:to="loc_RepaymentsOfSeniorDebt" order="20" use="optional" preferredLabel="http://xbrl.us/us-gaap/role/label/negated" />
    <loc xlink:type="locator" xlink:href="http://taxonomies.xbrl.us/us-gaap/2009/elts/us-gaap-2009-01-31.xsd#us-gaap_PaymentsForRepurchaseOfCommonStock" xlink:label="loc_PaymentsForRepurchaseOfCommonStock" />
    <presentationArc xlink:type="arc" xlink:arcrole="http://www.xbrl.org/2003/arcrole/parent-child" xlink:from="loc_NetCashProvidedByUsedInFinancingActivitiesAbstract" xlink:to="loc_PaymentsForRepurchaseOfCommonStock" order="40" use="optional" preferredLabel="http://xbrl.us/us-gaap/role/label/negated" />
    <loc xlink:type="locator" xlink:href="http://taxonomies.xbrl.us/us-gaap/2009/elts/us-gaap-2009-01-31.xsd#us-gaap_ProceedsFromLinesOfCredit" xlink:label="loc_ProceedsFromLinesOfCredit" />
    <presentationArc xlink:type="arc" xlink:arcrole="http://www.xbrl.org/2003/arcrole/parent-child" xlink:from="loc_NetCashProvidedByUsedInFinancingActivitiesAbstract" xlink:to="loc_ProceedsFromLinesOfCredit" order="102.5" use="optional" preferredLabel="http://www.xbrl.org/2003/role/verboseLabel" />
    <loc xlink:type="locator" xlink:href="http://taxonomies.xbrl.us/us-gaap/2009/elts/us-gaap-2009-01-31.xsd#us-gaap_ProceedsFromIssuanceOfSharesUnderIncentiveAndShareBasedCompensationPlansIncludingStockOptions" xlink:label="loc_ProceedsFromIssuanceOfSharesUnderIncentiveAndShareBasedCompensationPlansIncludingStockOptions" />
    <presentationArc xlink:type="arc" xlink:arcrole="http://www.xbrl.org/2003/arcrole/parent-child" xlink:from="loc_NetCashProvidedByUsedInFinancingActivitiesAbstract" xlink:to="loc_ProceedsFromIssuanceOfSharesUnderIncentiveAndShareBasedCompensationPlansIncludingStockOptions" order="140" use="optional" preferredLabel="http://www.xbrl.org/2003/role/verboseLabel" priority="1" />
    <loc xlink:type="locator" xlink:href="http://taxonomies.xbrl.us/us-gaap/2009/elts/us-gaap-2009-01-31.xsd#us-gaap_ExcessTaxBenefitFromShareBasedCompensationFinancingActivities" xlink:label="loc_ExcessTaxBenefitFromShareBasedCompensationFinancingActivities" />
    <presentationArc xlink:type="arc" xlink:arcrole="http://www.xbrl.org/2003/arcrole/parent-child" xlink:from="loc_NetCashProvidedByUsedInFinancingActivitiesAbstract" xlink:to="loc_ExcessTaxBenefitFromShareBasedCompensationFinancingActivities" order="160" use="optional" preferredLabel="http://www.xbrl.org/2003/role/verboseLabel" />
    <loc xlink:type="locator" xlink:href="http://taxonomies.xbrl.us/us-gaap/2009/elts/us-gaap-2009-01-31.xsd#us-gaap_ProceedsFromPaymentsForOtherFinancingActivities" xlink:label="loc_ProceedsFromPaymentsForOtherFinancingActivities" />
    <presentationArc xlink:type="arc" xlink:arcrole="http://www.xbrl.org/2003/arcrole/parent-child" xlink:from="loc_NetCashProvidedByUsedInFinancingActivitiesAbstract" xlink:to="loc_ProceedsFromPaymentsForOtherFinancingActivities" order="180" use="optional" preferredLabel="http://www.xbrl.org/2003/role/totalLabel" />
    <loc xlink:type="locator" xlink:href="http://taxonomies.xbrl.us/us-gaap/2009/elts/us-gaap-2009-01-31.xsd#us-gaap_NetCashProvidedByUsedInFinancingActivities" xlink:label="loc_NetCashProvidedByUsedInFinancingActivities" />
    <presentationArc xlink:type="arc" xlink:arcrole="http://www.xbrl.org/2003/arcrole/parent-child" xlink:from="loc_NetCashProvidedByUsedInFinancingActivitiesAbstract" xlink:to="loc_NetCashProvidedByUsedInFinancingActivities" order="200" use="optional" preferredLabel="http://www.xbrl.org/2003/role/totalLabel" priority="1" />
    <loc xlink:type="locator" xlink:href="http://taxonomies.xbrl.us/us-gaap/2009/elts/us-gaap-2009-01-31.xsd#us-gaap_EffectOfExchangeRateOnCashAndCashEquivalents" xlink:label="loc_EffectOfExchangeRateOnCashAndCashEquivalents" />
    <presentationArc xlink:type="arc" xlink:arcrole="http://www.xbrl.org/2003/arcrole/parent-child" xlink:from="loc_StatementOfCashFlowsAbstract" xlink:to="loc_EffectOfExchangeRateOnCashAndCashEquivalents" order="80" use="optional" preferredLabel="http://www.xbrl.org/2003/role/totalLabel" />
    <loc xlink:type="locator" xlink:href="http://taxonomies.xbrl.us/us-gaap/2009/elts/us-gaap-2009-01-31.xsd#us-gaap_CashAndCashEquivalentsPeriodIncreaseDecrease" xlink:label="loc_CashAndCashEquivalentsPeriodIncreaseDecrease" />
    <presentationArc xlink:type="arc" xlink:arcrole="http://www.xbrl.org/2003/arcrole/parent-child" xlink:from="loc_StatementOfCashFlowsAbstract" xlink:to="loc_CashAndCashEquivalentsPeriodIncreaseDecrease" order="100" use="optional" preferredLabel="http://www.xbrl.org/2003/role/verboseLabel" />
    <loc xlink:type="locator" xlink:href="http://taxonomies.xbrl.us/us-gaap/2009/elts/us-gaap-2009-01-31.xsd#us-gaap_CashAndCashEquivalentsAtCarryingValue" xlink:label="loc_CashAndCashEquivalentsAtCarryingValue" />
    <presentationArc xlink:type="arc" xlink:arcrole="http://www.xbrl.org/2003/arcrole/parent-child" xlink:from="loc_StatementOfCashFlowsAbstract" xlink:to="loc_CashAndCashEquivalentsAtCarryingValue" order="120" use="optional" preferredLabel="http://www.xbrl.org/2003/role/periodStartLabel" />
    <loc xlink:type="locator" xlink:href="http://taxonomies.xbrl.us/us-gaap/2009/elts/us-gaap-2009-01-31.xsd#us-gaap_CashAndCashEquivalentsAtCarryingValue" xlink:label="loc_CashAndCashEquivalentsAtCarryingValue_1" />
    <presentationArc xlink:type="arc" xlink:arcrole="http://www.xbrl.org/2003/arcrole/parent-child" xlink:from="loc_StatementOfCashFlowsAbstract" xlink:to="loc_CashAndCashEquivalentsAtCarryingValue_1" order="140" use="optional" preferredLabel="http://www.xbrl.org/2003/role/periodEndLabel" />
    <loc xlink:type="locator" xlink:href="http://taxonomies.xbrl.us/us-gaap/2009/elts/us-gaap-2009-01-31.xsd#us-gaap_InventoryWriteDown" xlink:label="loc_InventoryWriteDown" />
    <presentationArc xlink:type="arc" xlink:arcrole="http://www.xbrl.org/2003/arcrole/parent-child" xlink:from="loc_AdjustmentsToReconcileNetIncomeLossToCashProvidedByUsedInOperatingActivitiesAbstract" xlink:to="loc_InventoryWriteDown" order="30" use="optional" preferredLabel="http://www.xbrl.org/2003/role/verboseLabel" />
    <loc xlink:type="locator" xlink:href="http://taxonomies.xbrl.us/us-gaap/2009/elts/us-gaap-2009-01-31.xsd#us-gaap_ProceedsFromIssuanceOfLongTermDebt" xlink:label="loc_ProceedsFromIssuanceOfLongTermDebt" />
    <presentationArc xlink:type="arc" xlink:arcrole="http://www.xbrl.org/2003/arcrole/parent-child" xlink:from="loc_NetCashProvidedByUsedInFinancingActivitiesAbstract" xlink:to="loc_ProceedsFromIssuanceOfLongTermDebt" order="130.625" use="optional" preferredLabel="http://www.xbrl.org/2003/role/verboseLabel" />
    <loc xlink:type="locator" xlink:href="http://taxonomies.xbrl.us/us-gaap/2009/elts/us-gaap-2009-01-31.xsd#us-gaap_RepaymentsOfLinesOfCredit" xlink:label="loc_RepaymentsOfLinesOfCredit" />
    <presentationArc xlink:type="arc" xlink:arcrole="http://www.xbrl.org/2003/arcrole/parent-child" xlink:from="loc_NetCashProvidedByUsedInFinancingActivitiesAbstract" xlink:to="loc_RepaymentsOfLinesOfCredit" order="115" use="optional" preferredLabel="http://xbrl.us/us-gaap/role/label/negated" />
    <loc xlink:type="locator" xlink:href="http://taxonomies.xbrl.us/us-gaap/2009/elts/us-gaap-2009-01-31.xsd#us-gaap_RepaymentsOfLongTermDebt" xlink:label="loc_RepaymentsOfLongTermDebt" />
    <presentationArc xlink:type="arc" xlink:arcrole="http://www.xbrl.org/2003/arcrole/parent-child" xlink:from="loc_NetCashProvidedByUsedInFinancingActivitiesAbstract" xlink:to="loc_RepaymentsOfLongTermDebt" order="133.75" use="optional" preferredLabel="http://xbrl.us/us-gaap/role/label/negated" />
  </presentationLink>
  <presentationLink xlink:type="extended" xlink:role="http://gamestop.com/role/SummaryOfSignificantAccountingPolicies" xlink:title="0201 - Disclosure - Summary of Significant Accounting Policies">
    <loc xlink:type="locator" xlink:href="http://taxonomies.xbrl.us/us-gaap/2009/elts/us-gaap-2009-01-31.xsd#us-gaap_GeneralPoliciesAbstract" xlink:label="loc_GeneralPoliciesAbstract" />
    <loc xlink:type="locator" xlink:href="http://taxonomies.xbrl.us/us-gaap/2009/elts/us-gaap-2009-01-31.xsd#us-gaap_SignificantAccountingPoliciesTextBlock" xlink:label="loc_SignificantAccountingPoliciesTextBlock" />
    <presentationArc xlink:type="arc" xlink:arcrole="http://www.xbrl.org/2003/arcrole/parent-child" xlink:from="loc_GeneralPoliciesAbstract" xlink:to="loc_SignificantAccountingPoliciesTextBlock" order="10" use="optional" preferredLabel="http://www.xbrl.org/2003/role/verboseLabel" priority="1" />
  </presentationLink>
  <presentationLink xlink:type="extended" xlink:role="http://gamestop.com/role/Acquisitions" xlink:title="0202 - Disclosure - Acquisitions">
    <loc xlink:type="locator" xlink:href="gme-20110129.xsd#gme_AcquisitionsAbstract" xlink:label="gme_AcquisitionsAbstract" />
    <loc xlink:type="locator" xlink:href="http://taxonomies.xbrl.us/us-gaap/2009/elts/us-gaap-2009-01-31.xsd#us-gaap_BusinessCombinationDisclosureTextBlock" xlink:label="loc_BusinessCombinationDisclosureTextBlock" />
    <presentationArc xlink:type="arc" xlink:arcrole="http://www.xbrl.org/2003/arcrole/parent-child" xlink:from="gme_AcquisitionsAbstract" xlink:to="loc_BusinessCombinationDisclosureTextBlock" order="20" use="optional" priority="1" preferredLabel="http://www.xbrl.org/2003/role/verboseLabel" />
  </presentationLink>
  <presentationLink xlink:type="extended" xlink:role="http://gamestop.com/role/VendorArrangements" xlink:title="0203 - Disclosure - Vendor Arrangements">
    <loc xlink:type="locator" xlink:href="gme-20110129.xsd#gme_VendorArrangementsAbstract" xlink:label="gme_VendorArrangementsAbstract" />
    <loc xlink:type="locator" xlink:href="gme-20110129.xsd#gme_VendorArrangementsTextBlock" xlink:label="gme_VendorArrangementsTextBlock" />
    <presentationArc xlink:type="arc" xlink:arcrole="http://www.xbrl.org/2003/arcrole/parent-child" xlink:from="gme_VendorArrangementsAbstract" xlink:to="gme_VendorArrangementsTextBlock" order="20" use="optional" preferredLabel="http://www.xbrl.org/2003/role/verboseLabel" priority="1" />
  </presentationLink>
  <presentationLink xlink:type="extended" xlink:role="http://gamestop.com/role/ReceivablesNet" xlink:title="0206 - Disclosure - Receivables, Net">
    <loc xlink:type="locator" xlink:href="http://taxonomies.xbrl.us/us-gaap/2009/elts/us-gaap-2009-01-31.xsd#us-gaap_ReceivablesNetCurrentAbstract" xlink:label="loc_ReceivablesNetCurrentAbstract" />
    <loc xlink:type="locator" xlink:href="gme-20110129.xsd#gme_ScheduleOfAccountsReceivableTextBlock" xlink:label="gme_ScheduleOfAccountsReceivableTextBlock" />
    <presentationArc xlink:type="arc" xlink:arcrole="http://www.xbrl.org/2003/arcrole/parent-child" xlink:from="loc_ReceivablesNetCurrentAbstract" xlink:to="gme_ScheduleOfAccountsReceivableTextBlock" order="10" use="optional" priority="1" preferredLabel="http://www.xbrl.org/2003/role/verboseLabel" />
  </presentationLink>
  <presentationLink xlink:type="extended" xlink:role="http://gamestop.com/role/AccruedLiabilities" xlink:title="0207 - Disclosure - Accrued Liabilities">
    <loc xlink:type="locator" xlink:href="http://taxonomies.xbrl.us/us-gaap/2009/elts/us-gaap-2009-01-31.xsd#us-gaap_AccruedLiabilitiesCurrentAbstract" xlink:label="loc_AccruedLiabilitiesCurrentAbstract" />
    <loc xlink:type="locator" xlink:href="gme-20110129.xsd#gme_AccruedLiabilitiesTextBlock" xlink:label="gme_AccruedLiabilitiesTextBlock" />
    <presentationArc xlink:type="arc" xlink:arcrole="http://www.xbrl.org/2003/arcrole/parent-child" xlink:from="loc_AccruedLiabilitiesCurrentAbstract" xlink:to="gme_AccruedLiabilitiesTextBlock" order="20" use="optional" preferredLabel="http://www.xbrl.org/2003/role/verboseLabel" priority="1" />
  </presentationLink>
  <presentationLink xlink:type="extended" xlink:role="http://gamestop.com/role/GoodwillIntangibleAssetsAndDeferredFinancingFees" xlink:title="0208 - Disclosure - Goodwill Intangible Assets and Deferred Financing Fees">
    <loc xlink:type="locator" xlink:href="gme-20110129.xsd#gme_GoodwillIntangibleAssetsAndDeferredFinancingFeesAbstract" xlink:label="gme_GoodwillIntangibleAssetsAndDeferredFinancingFeesAbstract" />
    <loc xlink:type="locator" xlink:href="gme-20110129.xsd#gme_GoodwillIntangibleAssetsAndDeferredFinancingFeesTextBlock" xlink:label="gme_GoodwillIntangibleAssetsAndDeferredFinancingFeesTextBlock" />
    <presentationArc xlink:type="arc" xlink:arcrole="http://www.xbrl.org/2003/arcrole/parent-child" xlink:from="gme_GoodwillIntangibleAssetsAndDeferredFinancingFeesAbstract" xlink:to="gme_GoodwillIntangibleAssetsAndDeferredFinancingFeesTextBlock" order="20" use="optional" preferredLabel="http://www.xbrl.org/2003/role/verboseLabel" priority="1" />
  </presentationLink>
  <presentationLink xlink:type="extended" xlink:role="http://gamestop.com/role/Leases" xlink:title="0209 - Disclosure - Leases">
    <loc xlink:type="locator" xlink:href="http://taxonomies.xbrl.us/us-gaap/2009/elts/us-gaap-2009-01-31.xsd#us-gaap_LeasesOperatingAbstract" xlink:label="loc_LeasesOperatingAbstract" />
    <loc xlink:type="locator" xlink:href="http://taxonomies.xbrl.us/us-gaap/2009/elts/us-gaap-2009-01-31.xsd#us-gaap_OperatingLeasesOfLesseeDisclosureTextBlock" xlink:label="loc_OperatingLeasesOfLesseeDisclosureTextBlock" />
    <presentationArc xlink:type="arc" xlink:arcrole="http://www.xbrl.org/2003/arcrole/parent-child" xlink:from="loc_LeasesOperatingAbstract" xlink:to="loc_OperatingLeasesOfLesseeDisclosureTextBlock" order="20" use="optional" preferredLabel="http://www.xbrl.org/2003/role/verboseLabel" priority="1" />
  </presentationLink>
  <presentationLink xlink:type="extended" xlink:role="http://gamestop.com/role/StockIncentivePlan" xlink:title="0213 - Disclosure - Stock Incentive Plan">
    <loc xlink:type="locator" xlink:href="http://taxonomies.xbrl.us/us-gaap/2009/elts/us-gaap-2009-01-31.xsd#us-gaap_ShareBasedCompensationAbstract" xlink:label="loc_ShareBasedCompensationAbstract" />
    <loc xlink:type="locator" xlink:href="http://taxonomies.xbrl.us/us-gaap/2009/elts/us-gaap-2009-01-31.xsd#us-gaap_DisclosureOfCompensationRelatedCostsShareBasedPaymentsTextBlock" xlink:label="loc_DisclosureOfCompensationRelatedCostsShareBasedPaymentsTextBlock" />
    <presentationArc xlink:type="arc" xlink:arcrole="http://www.xbrl.org/2003/arcrole/parent-child" xlink:from="loc_ShareBasedCompensationAbstract" xlink:to="loc_DisclosureOfCompensationRelatedCostsShareBasedPaymentsTextBlock" order="20" use="optional" preferredLabel="http://www.xbrl.org/2003/role/verboseLabel" priority="1" />
  </presentationLink>
  <presentationLink xlink:type="extended" xlink:role="http://gamestop.com/role/EmployeesDefinedContributionPlan" xlink:title="0214 - Disclosure - Employees' Defined Contribution Plan">
    <loc xlink:type="locator" xlink:href="gme-20110129.xsd#gme_EmployeesDefinedContributionPlanAbstract" xlink:label="gme_EmployeesDefinedContributionPlanAbstract" />
    <loc xlink:type="locator" xlink:href="gme-20110129.xsd#gme_EmployeesDefinedContributionPlanTextBlock" xlink:label="gme_EmployeesDefinedContributionPlanTextBlock" />
    <presentationArc xlink:type="arc" xlink:arcrole="http://www.xbrl.org/2003/arcrole/parent-child" xlink:from="gme_EmployeesDefinedContributionPlanAbstract" xlink:to="gme_EmployeesDefinedContributionPlanTextBlock" order="20" use="optional" preferredLabel="http://www.xbrl.org/2003/role/verboseLabel" priority="1" />
  </presentationLink>
  <presentationLink xlink:type="extended" xlink:role="http://gamestop.com/role/ShareholdersEquity" xlink:title="0219 - Disclosure - Shareholders' Equity">
    <loc xlink:type="locator" xlink:href="http://taxonomies.xbrl.us/us-gaap/2009/elts/us-gaap-2009-01-31.xsd#us-gaap_StockholdersEquityNoteAbstract" xlink:label="loc_StockholdersEquityNoteAbstract" />
    <loc xlink:type="locator" xlink:href="http://taxonomies.xbrl.us/us-gaap/2009/elts/us-gaap-2009-01-31.xsd#us-gaap_StockholdersEquityNoteDisclosureTextBlock" xlink:label="loc_StockholdersEquityNoteDisclosureTextBlock" />
    <presentationArc xlink:type="arc" xlink:arcrole="http://www.xbrl.org/2003/arcrole/parent-child" xlink:from="loc_StockholdersEquityNoteAbstract" xlink:to="loc_StockholdersEquityNoteDisclosureTextBlock" order="20" use="optional" preferredLabel="http://www.xbrl.org/2003/role/verboseLabel" priority="1" />
  </presentationLink>
  <presentationLink xlink:type="extended" xlink:role="http://gamestop.com/role/QuarterlyFinancialInformation" xlink:title="0221 - Disclosure - Unaudited Quarterly Financial Information">
    <loc xlink:type="locator" xlink:href="http://taxonomies.xbrl.us/us-gaap/2009/elts/us-gaap-2009-01-31.xsd#us-gaap_QuarterlyFinancialDataAbstract" xlink:label="loc_QuarterlyFinancialDataAbstract" />
    <loc xlink:type="locator" xlink:href="http://taxonomies.xbrl.us/us-gaap/2009/elts/us-gaap-2009-01-31.xsd#us-gaap_QuarterlyFinancialInformationTextBlock" xlink:label="loc_QuarterlyFinancialInformationTextBlock" />
    <presentationArc xlink:type="arc" xlink:arcrole="http://www.xbrl.org/2003/arcrole/parent-child" xlink:from="loc_QuarterlyFinancialDataAbstract" xlink:to="loc_QuarterlyFinancialInformationTextBlock" order="20" use="optional" preferredLabel="http://www.xbrl.org/2003/role/verboseLabel" priority="1" />
  </presentationLink>
  <presentationLink xlink:type="extended" xlink:role="http://gamestop.com/role/ValuationAndQualifyingAccounts" xlink:title="0301 - Schedule - Valuation and Qualifying Accounts">
    <loc xlink:type="locator" xlink:href="gme-20110129.xsd#gme_ValuationAndQualifyingAccountsAbstract" xlink:label="gme_ValuationAndQualifyingAccountsAbstract" />
    <loc xlink:type="locator" xlink:href="http://taxonomies.xbrl.us/us-gaap/2009/elts/us-gaap-2009-01-31.xsd#us-gaap_ScheduleOfValuationAndQualifyingAccountsDisclosureTextBlock" xlink:label="loc_ScheduleOfValuationAndQualifyingAccountsDisclosureTextBlock" />
    <presentationArc xlink:type="arc" xlink:arcrole="http://www.xbrl.org/2003/arcrole/parent-child" xlink:from="gme_ValuationAndQualifyingAccountsAbstract" xlink:to="loc_ScheduleOfValuationAndQualifyingAccountsDisclosureTextBlock" order="20" use="optional" priority="1" preferredLabel="http://www.xbrl.org/2003/role/verboseLabel" />
  </presentationLink>
</linkbase>
