<?xml version="1.0" encoding="us-ascii" standalone="no"?>
<!--XBRL document created with Bowne Tagger XBRL Enabler by Bowne Software version 10.0.0.42-->
<!--Based on XBRL 2.1-->
<linkbase xmlns="http://www.xbrl.org/2003/linkbase" xmlns:xsi="http://www.w3.org/2001/XMLSchema-instance" xmlns:xlink="http://www.w3.org/1999/xlink" xsi:schemaLocation="http://www.xbrl.org/2003/linkbase http://www.xbrl.org/2003/xbrl-linkbase-2003-12-31.xsd">
  <roleRef xlink:type="simple" xlink:href="gme-20110129.xsd#BalanceSheets" roleURI="http://gamestop.com/role/BalanceSheets" />
  <roleRef xlink:type="simple" xlink:href="gme-20110129.xsd#BalanceSheetsParenthetical" roleURI="http://gamestop.com/role/BalanceSheetsParenthetical" />
  <roleRef xlink:type="simple" xlink:href="gme-20110129.xsd#StatementsOfOperations" roleURI="http://gamestop.com/role/StatementsOfOperations" />
  <roleRef xlink:type="simple" xlink:href="gme-20110129.xsd#Debt" roleURI="http://gamestop.com/role/Debt" />
  <roleRef xlink:type="simple" xlink:href="gme-20110129.xsd#IncomeTaxes" roleURI="http://gamestop.com/role/IncomeTaxes" />
  <roleRef xlink:type="simple" xlink:href="gme-20110129.xsd#CertainRelationshipsAndRelatedTransactions" roleURI="http://gamestop.com/role/CertainRelationshipsAndRelatedTransactions" />
  <roleRef xlink:type="simple" xlink:href="gme-20110129.xsd#CommitmentsAndContingencies" roleURI="http://gamestop.com/role/CommitmentsAndContingencies" />
  <roleRef xlink:type="simple" xlink:href="gme-20110129.xsd#SignificantProducts" roleURI="http://gamestop.com/role/SignificantProducts" />
  <roleRef xlink:type="simple" xlink:href="gme-20110129.xsd#SegmentInformation" roleURI="http://gamestop.com/role/SegmentInformation" />
  <roleRef xlink:type="simple" xlink:href="gme-20110129.xsd#SupplementalCashFlowInformation" roleURI="http://gamestop.com/role/SupplementalCashFlowInformation" />
  <roleRef xlink:type="simple" xlink:href="gme-20110129.xsd#ConsolidatingFinancialStatements" roleURI="http://gamestop.com/role/ConsolidatingFinancialStatements" />
  <roleRef xlink:type="simple" xlink:href="gme-20110129.xsd#FairValueMeasurementsAndFinancialInstruments" roleURI="http://gamestop.com/role/FairValueMeasurementsAndFinancialInstruments" />
  <roleRef xlink:type="simple" xlink:href="gme-20110129.xsd#DocumentAndEntityInformation" roleURI="http://gamestop.com/role/DocumentAndEntityInformation" />
  <roleRef xlink:type="simple" xlink:href="gme-20110129.xsd#ComputationOfNetIncomePerCommonShare" roleURI="http://gamestop.com/role/ComputationOfNetIncomePerCommonShare" />
  <roleRef xlink:type="simple" xlink:href="gme-20110129.xsd#StatementOfStockholdersEquity" roleURI="http://gamestop.com/role/StatementOfStockholdersEquity" />
  <roleRef xlink:type="simple" xlink:href="gme-20110129.xsd#StatementOfStockholdersEquityParenthetical" roleURI="http://gamestop.com/role/StatementOfStockholdersEquityParenthetical" />
  <roleRef xlink:type="simple" xlink:href="gme-20110129.xsd#StatementsOfCashFlows" roleURI="http://gamestop.com/role/StatementsOfCashFlows" />
  <roleRef xlink:type="simple" xlink:href="gme-20110129.xsd#SummaryOfSignificantAccountingPolicies" roleURI="http://gamestop.com/role/SummaryOfSignificantAccountingPolicies" />
  <roleRef xlink:type="simple" xlink:href="gme-20110129.xsd#Acquisitions" roleURI="http://gamestop.com/role/Acquisitions" />
  <roleRef xlink:type="simple" xlink:href="gme-20110129.xsd#VendorArrangements" roleURI="http://gamestop.com/role/VendorArrangements" />
  <roleRef xlink:type="simple" xlink:href="gme-20110129.xsd#ReceivablesNet" roleURI="http://gamestop.com/role/ReceivablesNet" />
  <roleRef xlink:type="simple" xlink:href="gme-20110129.xsd#AccruedLiabilities" roleURI="http://gamestop.com/role/AccruedLiabilities" />
  <roleRef xlink:type="simple" xlink:href="gme-20110129.xsd#GoodwillIntangibleAssetsAndDeferredFinancingFees" roleURI="http://gamestop.com/role/GoodwillIntangibleAssetsAndDeferredFinancingFees" />
  <roleRef xlink:type="simple" xlink:href="gme-20110129.xsd#Leases" roleURI="http://gamestop.com/role/Leases" />
  <roleRef xlink:type="simple" xlink:href="gme-20110129.xsd#StockIncentivePlan" roleURI="http://gamestop.com/role/StockIncentivePlan" />
  <roleRef xlink:type="simple" xlink:href="gme-20110129.xsd#EmployeesDefinedContributionPlan" roleURI="http://gamestop.com/role/EmployeesDefinedContributionPlan" />
  <roleRef xlink:type="simple" xlink:href="gme-20110129.xsd#ShareholdersEquity" roleURI="http://gamestop.com/role/ShareholdersEquity" />
  <roleRef xlink:type="simple" xlink:href="gme-20110129.xsd#QuarterlyFinancialInformation" roleURI="http://gamestop.com/role/QuarterlyFinancialInformation" />
  <roleRef xlink:type="simple" xlink:href="gme-20110129.xsd#ValuationAndQualifyingAccounts" roleURI="http://gamestop.com/role/ValuationAndQualifyingAccounts" />
  <calculationLink xlink:type="extended" xlink:role="http://gamestop.com/role/BalanceSheets" xlink:title="0110 - Statement - Consolidated Balance Sheets">
    <loc xlink:type="locator" xlink:href="http://taxonomies.xbrl.us/us-gaap/2009/elts/us-gaap-2009-01-31.xsd#us-gaap_LiabilitiesAndStockholdersEquity" xlink:label="loc_LiabilitiesAndStockholdersEquity" />
    <loc xlink:type="locator" xlink:href="http://taxonomies.xbrl.us/us-gaap/2009/elts/us-gaap-2009-01-31.xsd#us-gaap_Liabilities" xlink:label="loc_Liabilities" />
    <calculationArc xlink:type="arc" xlink:arcrole="http://www.xbrl.org/2003/arcrole/summation-item" xlink:from="loc_LiabilitiesAndStockholdersEquity" xlink:to="loc_Liabilities" order="40" use="optional" weight="1" />
    <loc xlink:type="locator" xlink:href="http://taxonomies.xbrl.us/us-gaap/2009/elts/us-gaap-2009-01-31.xsd#us-gaap_LiabilitiesCurrent" xlink:label="loc_LiabilitiesCurrent" />
    <calculationArc xlink:type="arc" xlink:arcrole="http://www.xbrl.org/2003/arcrole/summation-item" xlink:from="loc_Liabilities" xlink:to="loc_LiabilitiesCurrent" order="20" use="optional" weight="1" />
    <loc xlink:type="locator" xlink:href="http://taxonomies.xbrl.us/us-gaap/2009/elts/us-gaap-2009-01-31.xsd#us-gaap_AccruedLiabilitiesCurrent" xlink:label="loc_AccruedLiabilitiesCurrent" />
    <calculationArc xlink:type="arc" xlink:arcrole="http://www.xbrl.org/2003/arcrole/summation-item" xlink:from="loc_LiabilitiesCurrent" xlink:to="loc_AccruedLiabilitiesCurrent" order="40" use="optional" weight="1" />
    <loc xlink:type="locator" xlink:href="http://taxonomies.xbrl.us/us-gaap/2009/elts/us-gaap-2009-01-31.xsd#us-gaap_AccountsPayableCurrent" xlink:label="loc_AccountsPayableCurrent" />
    <calculationArc xlink:type="arc" xlink:arcrole="http://www.xbrl.org/2003/arcrole/summation-item" xlink:from="loc_LiabilitiesCurrent" xlink:to="loc_AccountsPayableCurrent" order="20" use="optional" weight="1" />
    <loc xlink:type="locator" xlink:href="http://taxonomies.xbrl.us/us-gaap/2009/elts/us-gaap-2009-01-31.xsd#us-gaap_Assets" xlink:label="loc_Assets" />
    <loc xlink:type="locator" xlink:href="http://taxonomies.xbrl.us/us-gaap/2009/elts/us-gaap-2009-01-31.xsd#us-gaap_AssetsNoncurrent" xlink:label="loc_AssetsNoncurrent" />
    <calculationArc xlink:type="arc" xlink:arcrole="http://www.xbrl.org/2003/arcrole/summation-item" xlink:from="loc_Assets" xlink:to="loc_AssetsNoncurrent" order="40" use="optional" weight="1" />
    <loc xlink:type="locator" xlink:href="http://taxonomies.xbrl.us/us-gaap/2009/elts/us-gaap-2009-01-31.xsd#us-gaap_OtherAssetsNoncurrent" xlink:label="loc_OtherAssetsNoncurrent" />
    <calculationArc xlink:type="arc" xlink:arcrole="http://www.xbrl.org/2003/arcrole/summation-item" xlink:from="loc_AssetsNoncurrent" xlink:to="loc_OtherAssetsNoncurrent" order="80" use="optional" weight="1" />
    <loc xlink:type="locator" xlink:href="http://taxonomies.xbrl.us/us-gaap/2009/elts/us-gaap-2009-01-31.xsd#us-gaap_IntangibleAssetsNetExcludingGoodwill" xlink:label="loc_IntangibleAssetsNetExcludingGoodwill" />
    <calculationArc xlink:type="arc" xlink:arcrole="http://www.xbrl.org/2003/arcrole/summation-item" xlink:from="loc_AssetsNoncurrent" xlink:to="loc_IntangibleAssetsNetExcludingGoodwill" order="60" use="optional" weight="1" />
    <loc xlink:type="locator" xlink:href="http://taxonomies.xbrl.us/us-gaap/2009/elts/us-gaap-2009-01-31.xsd#us-gaap_Goodwill" xlink:label="loc_Goodwill" />
    <calculationArc xlink:type="arc" xlink:arcrole="http://www.xbrl.org/2003/arcrole/summation-item" xlink:from="loc_AssetsNoncurrent" xlink:to="loc_Goodwill" order="40" use="optional" weight="1" />
    <loc xlink:type="locator" xlink:href="http://taxonomies.xbrl.us/us-gaap/2009/elts/us-gaap-2009-01-31.xsd#us-gaap_PropertyPlantAndEquipmentNet" xlink:label="loc_PropertyPlantAndEquipmentNet" />
    <calculationArc xlink:type="arc" xlink:arcrole="http://www.xbrl.org/2003/arcrole/summation-item" xlink:from="loc_AssetsNoncurrent" xlink:to="loc_PropertyPlantAndEquipmentNet" order="20" use="optional" weight="1" />
    <loc xlink:type="locator" xlink:href="http://taxonomies.xbrl.us/us-gaap/2009/elts/us-gaap-2009-01-31.xsd#us-gaap_AccumulatedDepreciationDepletionAndAmortizationPropertyPlantAndEquipment" xlink:label="loc_AccumulatedDepreciationDepletionAndAmortizationPropertyPlantAndEquipment" />
    <calculationArc xlink:type="arc" xlink:arcrole="http://www.xbrl.org/2003/arcrole/summation-item" xlink:from="loc_PropertyPlantAndEquipmentNet" xlink:to="loc_AccumulatedDepreciationDepletionAndAmortizationPropertyPlantAndEquipment" order="40" use="optional" weight="-1" />
    <loc xlink:type="locator" xlink:href="http://taxonomies.xbrl.us/us-gaap/2009/elts/us-gaap-2009-01-31.xsd#us-gaap_PropertyPlantAndEquipmentGross" xlink:label="loc_PropertyPlantAndEquipmentGross" />
    <calculationArc xlink:type="arc" xlink:arcrole="http://www.xbrl.org/2003/arcrole/summation-item" xlink:from="loc_PropertyPlantAndEquipmentNet" xlink:to="loc_PropertyPlantAndEquipmentGross" order="20" use="optional" weight="1" />
    <loc xlink:type="locator" xlink:href="http://taxonomies.xbrl.us/us-gaap/2009/elts/us-gaap-2009-01-31.xsd#us-gaap_Land" xlink:label="loc_Land" />
    <calculationArc xlink:type="arc" xlink:arcrole="http://www.xbrl.org/2003/arcrole/summation-item" xlink:from="loc_PropertyPlantAndEquipmentGross" xlink:to="loc_Land" order="20" use="optional" weight="1" />
    <loc xlink:type="locator" xlink:href="http://taxonomies.xbrl.us/us-gaap/2009/elts/us-gaap-2009-01-31.xsd#us-gaap_AssetsCurrent" xlink:label="loc_AssetsCurrent" />
    <calculationArc xlink:type="arc" xlink:arcrole="http://www.xbrl.org/2003/arcrole/summation-item" xlink:from="loc_Assets" xlink:to="loc_AssetsCurrent" order="20" use="optional" weight="1" />
    <loc xlink:type="locator" xlink:href="http://taxonomies.xbrl.us/us-gaap/2009/elts/us-gaap-2009-01-31.xsd#us-gaap_OtherAssetsCurrent" xlink:label="loc_OtherAssetsCurrent" />
    <calculationArc xlink:type="arc" xlink:arcrole="http://www.xbrl.org/2003/arcrole/summation-item" xlink:from="loc_AssetsCurrent" xlink:to="loc_OtherAssetsCurrent" order="120" use="optional" weight="1" />
    <loc xlink:type="locator" xlink:href="http://taxonomies.xbrl.us/us-gaap/2009/elts/us-gaap-2009-01-31.xsd#us-gaap_PrepaidExpenseCurrent" xlink:label="loc_PrepaidExpenseCurrent" />
    <calculationArc xlink:type="arc" xlink:arcrole="http://www.xbrl.org/2003/arcrole/summation-item" xlink:from="loc_AssetsCurrent" xlink:to="loc_PrepaidExpenseCurrent" order="100" use="optional" weight="1" />
    <loc xlink:type="locator" xlink:href="http://taxonomies.xbrl.us/us-gaap/2009/elts/us-gaap-2009-01-31.xsd#us-gaap_DeferredTaxAssetsNetCurrent" xlink:label="loc_DeferredTaxAssetsNetCurrent" />
    <calculationArc xlink:type="arc" xlink:arcrole="http://www.xbrl.org/2003/arcrole/summation-item" xlink:from="loc_AssetsCurrent" xlink:to="loc_DeferredTaxAssetsNetCurrent" order="80" use="optional" weight="1" />
    <loc xlink:type="locator" xlink:href="http://taxonomies.xbrl.us/us-gaap/2009/elts/us-gaap-2009-01-31.xsd#us-gaap_ReceivablesNetCurrent" xlink:label="loc_ReceivablesNetCurrent" />
    <calculationArc xlink:type="arc" xlink:arcrole="http://www.xbrl.org/2003/arcrole/summation-item" xlink:from="loc_AssetsCurrent" xlink:to="loc_ReceivablesNetCurrent" order="40" use="optional" weight="1" />
    <loc xlink:type="locator" xlink:href="http://taxonomies.xbrl.us/us-gaap/2009/elts/us-gaap-2009-01-31.xsd#us-gaap_CashAndCashEquivalentsAtCarryingValue" xlink:label="loc_CashAndCashEquivalentsAtCarryingValue" />
    <calculationArc xlink:type="arc" xlink:arcrole="http://www.xbrl.org/2003/arcrole/summation-item" xlink:from="loc_AssetsCurrent" xlink:to="loc_CashAndCashEquivalentsAtCarryingValue" order="20" use="optional" weight="1" />
    <loc xlink:type="locator" xlink:href="http://taxonomies.xbrl.us/us-gaap/2009/elts/us-gaap-2009-01-31.xsd#us-gaap_InventoryNet" xlink:label="loc_InventoryNet" />
    <calculationArc xlink:type="arc" xlink:arcrole="http://www.xbrl.org/2003/arcrole/summation-item" xlink:from="loc_AssetsCurrent" xlink:to="loc_InventoryNet" order="60" use="optional" weight="1" />
    <loc xlink:type="locator" xlink:href="http://taxonomies.xbrl.us/us-gaap/2009/elts/us-gaap-2009-01-31.xsd#us-gaap_LiabilitiesNoncurrent" xlink:label="loc_LiabilitiesNoncurrent" />
    <calculationArc xlink:type="arc" xlink:arcrole="http://www.xbrl.org/2003/arcrole/summation-item" xlink:from="loc_Liabilities" xlink:to="loc_LiabilitiesNoncurrent" order="40" use="optional" weight="1" />
    <loc xlink:type="locator" xlink:href="http://taxonomies.xbrl.us/us-gaap/2009/elts/us-gaap-2009-01-31.xsd#us-gaap_OtherLiabilitiesNoncurrent" xlink:label="loc_OtherLiabilitiesNoncurrent" />
    <calculationArc xlink:type="arc" xlink:arcrole="http://www.xbrl.org/2003/arcrole/summation-item" xlink:from="loc_LiabilitiesNoncurrent" xlink:to="loc_OtherLiabilitiesNoncurrent" order="60" use="optional" weight="1" priority="1" />
    <loc xlink:type="locator" xlink:href="http://taxonomies.xbrl.us/us-gaap/2009/elts/us-gaap-2009-01-31.xsd#us-gaap_SeniorLongTermNotes" xlink:label="loc_SeniorLongTermNotes" />
    <calculationArc xlink:type="arc" xlink:arcrole="http://www.xbrl.org/2003/arcrole/summation-item" xlink:from="loc_LiabilitiesNoncurrent" xlink:to="loc_SeniorLongTermNotes" order="20" use="optional" weight="1" priority="1" />
    <loc xlink:type="locator" xlink:href="http://taxonomies.xbrl.us/us-gaap/2009/elts/us-gaap-2009-01-31.xsd#us-gaap_AccruedIncomeTaxesCurrent" xlink:label="loc_AccruedIncomeTaxesCurrent" />
    <calculationArc xlink:type="arc" xlink:arcrole="http://www.xbrl.org/2003/arcrole/summation-item" xlink:from="loc_LiabilitiesCurrent" xlink:to="loc_AccruedIncomeTaxesCurrent" order="60" use="optional" weight="1" />
    <loc xlink:type="locator" xlink:href="gme-20110129.xsd#gme_BuildingsAndLeaseholdImprovements" xlink:label="gme_BuildingsAndLeaseholdImprovements" />
    <calculationArc xlink:type="arc" xlink:arcrole="http://www.xbrl.org/2003/arcrole/summation-item" xlink:from="loc_PropertyPlantAndEquipmentGross" xlink:to="gme_BuildingsAndLeaseholdImprovements" order="40" use="optional" weight="1" priority="1" />
    <loc xlink:type="locator" xlink:href="gme-20110129.xsd#gme_FixturesAndEquipment" xlink:label="gme_FixturesAndEquipment" />
    <calculationArc xlink:type="arc" xlink:arcrole="http://www.xbrl.org/2003/arcrole/summation-item" xlink:from="loc_PropertyPlantAndEquipmentGross" xlink:to="gme_FixturesAndEquipment" order="60" use="optional" weight="1" priority="1" />
    <loc xlink:type="locator" xlink:href="http://taxonomies.xbrl.us/us-gaap/2009/elts/us-gaap-2009-01-31.xsd#us-gaap_StockholdersEquityIncludingPortionAttributableToNoncontrollingInterest" xlink:label="loc_StockholdersEquityIncludingPortionAttributableToNoncontrollingInterest" />
    <calculationArc xlink:type="arc" xlink:arcrole="http://www.xbrl.org/2003/arcrole/summation-item" xlink:from="loc_LiabilitiesAndStockholdersEquity" xlink:to="loc_StockholdersEquityIncludingPortionAttributableToNoncontrollingInterest" order="20" use="optional" weight="1" />
    <loc xlink:type="locator" xlink:href="http://taxonomies.xbrl.us/us-gaap/2009/elts/us-gaap-2009-01-31.xsd#us-gaap_DeferredTaxLiabilitiesNoncurrent" xlink:label="loc_DeferredTaxLiabilitiesNoncurrent" />
    <calculationArc xlink:type="arc" xlink:arcrole="http://www.xbrl.org/2003/arcrole/summation-item" xlink:from="loc_LiabilitiesNoncurrent" xlink:to="loc_DeferredTaxLiabilitiesNoncurrent" order="40" use="optional" weight="1" />
    <loc xlink:type="locator" xlink:href="http://taxonomies.xbrl.us/us-gaap/2009/elts/us-gaap-2009-01-31.xsd#us-gaap_MinorityInterest" xlink:label="loc_MinorityInterest" />
    <calculationArc xlink:type="arc" xlink:arcrole="http://www.xbrl.org/2003/arcrole/summation-item" xlink:from="loc_StockholdersEquityIncludingPortionAttributableToNoncontrollingInterest" xlink:to="loc_MinorityInterest" order="40" use="optional" weight="1" />
    <loc xlink:type="locator" xlink:href="http://taxonomies.xbrl.us/us-gaap/2009/elts/us-gaap-2009-01-31.xsd#us-gaap_StockholdersEquity" xlink:label="loc_StockholdersEquity" />
    <calculationArc xlink:type="arc" xlink:arcrole="http://www.xbrl.org/2003/arcrole/summation-item" xlink:from="loc_StockholdersEquityIncludingPortionAttributableToNoncontrollingInterest" xlink:to="loc_StockholdersEquity" order="20" use="optional" weight="1" />
    <loc xlink:type="locator" xlink:href="http://taxonomies.xbrl.us/us-gaap/2009/elts/us-gaap-2009-01-31.xsd#us-gaap_PreferredStockValue" xlink:label="loc_PreferredStockValue" />
    <calculationArc xlink:type="arc" xlink:arcrole="http://www.xbrl.org/2003/arcrole/summation-item" xlink:from="loc_StockholdersEquity" xlink:to="loc_PreferredStockValue" order="20" use="optional" weight="1" priority="1" />
    <loc xlink:type="locator" xlink:href="http://taxonomies.xbrl.us/us-gaap/2009/elts/us-gaap-2009-01-31.xsd#us-gaap_CommonStockValue" xlink:label="loc_CommonStockValue" />
    <calculationArc xlink:type="arc" xlink:arcrole="http://www.xbrl.org/2003/arcrole/summation-item" xlink:from="loc_StockholdersEquity" xlink:to="loc_CommonStockValue" order="40" use="optional" weight="1" priority="1" />
    <loc xlink:type="locator" xlink:href="http://taxonomies.xbrl.us/us-gaap/2009/elts/us-gaap-2009-01-31.xsd#us-gaap_AdditionalPaidInCapitalCommonStock" xlink:label="loc_AdditionalPaidInCapitalCommonStock" />
    <calculationArc xlink:type="arc" xlink:arcrole="http://www.xbrl.org/2003/arcrole/summation-item" xlink:from="loc_StockholdersEquity" xlink:to="loc_AdditionalPaidInCapitalCommonStock" order="60" use="optional" weight="1" priority="1" />
    <loc xlink:type="locator" xlink:href="http://taxonomies.xbrl.us/us-gaap/2009/elts/us-gaap-2009-01-31.xsd#us-gaap_AccumulatedOtherComprehensiveIncomeLossNetOfTax" xlink:label="loc_AccumulatedOtherComprehensiveIncomeLossNetOfTax" />
    <calculationArc xlink:type="arc" xlink:arcrole="http://www.xbrl.org/2003/arcrole/summation-item" xlink:from="loc_StockholdersEquity" xlink:to="loc_AccumulatedOtherComprehensiveIncomeLossNetOfTax" order="80" use="optional" weight="1" priority="1" />
    <loc xlink:type="locator" xlink:href="http://taxonomies.xbrl.us/us-gaap/2009/elts/us-gaap-2009-01-31.xsd#us-gaap_RetainedEarningsAccumulatedDeficit" xlink:label="loc_RetainedEarningsAccumulatedDeficit" />
    <calculationArc xlink:type="arc" xlink:arcrole="http://www.xbrl.org/2003/arcrole/summation-item" xlink:from="loc_StockholdersEquity" xlink:to="loc_RetainedEarningsAccumulatedDeficit" order="100" use="optional" weight="1" priority="1" />
  </calculationLink>
  <calculationLink xlink:type="extended" xlink:role="http://gamestop.com/role/BalanceSheetsParenthetical" xlink:title="0111 - Statement - Consolidated Balance Sheets (Parenthetical)">
  </calculationLink>
  <calculationLink xlink:type="extended" xlink:role="http://gamestop.com/role/StatementsOfOperations" xlink:title="0120 - Statement - Consolidated Statements of Operations">
    <loc xlink:type="locator" xlink:href="http://taxonomies.xbrl.us/us-gaap/2009/elts/us-gaap-2009-01-31.xsd#us-gaap_NetIncomeLoss" xlink:label="loc_NetIncomeLoss" />
    <loc xlink:type="locator" xlink:href="http://taxonomies.xbrl.us/us-gaap/2009/elts/us-gaap-2009-01-31.xsd#us-gaap_ProfitLoss" xlink:label="loc_ProfitLoss" />
    <calculationArc xlink:type="arc" xlink:arcrole="http://www.xbrl.org/2003/arcrole/summation-item" xlink:from="loc_NetIncomeLoss" xlink:to="loc_ProfitLoss" order="40" use="optional" weight="1" />
    <loc xlink:type="locator" xlink:href="http://taxonomies.xbrl.us/us-gaap/2009/elts/us-gaap-2009-01-31.xsd#us-gaap_NetIncomeLossAttributableToNoncontrollingInterest" xlink:label="loc_NetIncomeLossAttributableToNoncontrollingInterest" />
    <calculationArc xlink:type="arc" xlink:arcrole="http://www.xbrl.org/2003/arcrole/summation-item" xlink:from="loc_NetIncomeLoss" xlink:to="loc_NetIncomeLossAttributableToNoncontrollingInterest" order="20" use="optional" weight="-1" />
    <loc xlink:type="locator" xlink:href="http://taxonomies.xbrl.us/us-gaap/2009/elts/us-gaap-2009-01-31.xsd#us-gaap_IncomeTaxExpenseBenefit" xlink:label="loc_IncomeTaxExpenseBenefit" />
    <calculationArc xlink:type="arc" xlink:arcrole="http://www.xbrl.org/2003/arcrole/summation-item" xlink:from="loc_ProfitLoss" xlink:to="loc_IncomeTaxExpenseBenefit" order="40" use="optional" weight="-1" priority="1" />
    <loc xlink:type="locator" xlink:href="http://taxonomies.xbrl.us/us-gaap/2009/elts/us-gaap-2009-01-31.xsd#us-gaap_IncomeLossFromContinuingOperationsBeforeIncomeTaxesMinorityInterestAndIncomeLossFromEquityMethodInvestments" xlink:label="loc_IncomeLossFromContinuingOperationsBeforeIncomeTaxesMinorityInterestAndIncomeLossFromEquityMethodInvestments" />
    <calculationArc xlink:type="arc" xlink:arcrole="http://www.xbrl.org/2003/arcrole/summation-item" xlink:from="loc_ProfitLoss" xlink:to="loc_IncomeLossFromContinuingOperationsBeforeIncomeTaxesMinorityInterestAndIncomeLossFromEquityMethodInvestments" order="20" use="optional" weight="1" priority="1" />
    <loc xlink:type="locator" xlink:href="http://taxonomies.xbrl.us/us-gaap/2009/elts/us-gaap-2009-01-31.xsd#us-gaap_OperatingIncomeLoss" xlink:label="loc_OperatingIncomeLoss" />
    <calculationArc xlink:type="arc" xlink:arcrole="http://www.xbrl.org/2003/arcrole/summation-item" xlink:from="loc_IncomeLossFromContinuingOperationsBeforeIncomeTaxesMinorityInterestAndIncomeLossFromEquityMethodInvestments" xlink:to="loc_OperatingIncomeLoss" order="20" use="optional" weight="1" priority="1" />
    <loc xlink:type="locator" xlink:href="http://taxonomies.xbrl.us/us-gaap/2009/elts/us-gaap-2009-01-31.xsd#us-gaap_GrossProfit" xlink:label="loc_GrossProfit" />
    <calculationArc xlink:type="arc" xlink:arcrole="http://www.xbrl.org/2003/arcrole/summation-item" xlink:from="loc_OperatingIncomeLoss" xlink:to="loc_GrossProfit" order="20" use="optional" weight="1" priority="1" />
    <loc xlink:type="locator" xlink:href="http://taxonomies.xbrl.us/us-gaap/2009/elts/us-gaap-2009-01-31.xsd#us-gaap_SalesRevenueGoodsNet" xlink:label="loc_SalesRevenueGoodsNet" />
    <calculationArc xlink:type="arc" xlink:arcrole="http://www.xbrl.org/2003/arcrole/summation-item" xlink:from="loc_GrossProfit" xlink:to="loc_SalesRevenueGoodsNet" order="20" use="optional" weight="1" priority="1" />
    <loc xlink:type="locator" xlink:href="http://taxonomies.xbrl.us/us-gaap/2009/elts/us-gaap-2009-01-31.xsd#us-gaap_CostOfGoodsSold" xlink:label="loc_CostOfGoodsSold" />
    <calculationArc xlink:type="arc" xlink:arcrole="http://www.xbrl.org/2003/arcrole/summation-item" xlink:from="loc_GrossProfit" xlink:to="loc_CostOfGoodsSold" order="40" use="optional" weight="-1" priority="1" />
    <loc xlink:type="locator" xlink:href="http://taxonomies.xbrl.us/us-gaap/2009/elts/us-gaap-2009-01-31.xsd#us-gaap_SellingGeneralAndAdministrativeExpense" xlink:label="loc_SellingGeneralAndAdministrativeExpense" />
    <calculationArc xlink:type="arc" xlink:arcrole="http://www.xbrl.org/2003/arcrole/summation-item" xlink:from="loc_OperatingIncomeLoss" xlink:to="loc_SellingGeneralAndAdministrativeExpense" order="40" use="optional" weight="-1" priority="1" />
    <loc xlink:type="locator" xlink:href="http://taxonomies.xbrl.us/us-gaap/2009/elts/us-gaap-2009-01-31.xsd#us-gaap_DepreciationAndAmortization" xlink:label="loc_DepreciationAndAmortization" />
    <calculationArc xlink:type="arc" xlink:arcrole="http://www.xbrl.org/2003/arcrole/summation-item" xlink:from="loc_OperatingIncomeLoss" xlink:to="loc_DepreciationAndAmortization" order="60" use="optional" weight="-1" priority="1" />
    <loc xlink:type="locator" xlink:href="http://taxonomies.xbrl.us/us-gaap/2009/elts/us-gaap-2009-01-31.xsd#us-gaap_InvestmentIncomeInterest" xlink:label="loc_InvestmentIncomeInterest" />
    <calculationArc xlink:type="arc" xlink:arcrole="http://www.xbrl.org/2003/arcrole/summation-item" xlink:from="loc_IncomeLossFromContinuingOperationsBeforeIncomeTaxesMinorityInterestAndIncomeLossFromEquityMethodInvestments" xlink:to="loc_InvestmentIncomeInterest" order="40" use="optional" weight="1" priority="1" />
    <loc xlink:type="locator" xlink:href="http://taxonomies.xbrl.us/us-gaap/2009/elts/us-gaap-2009-01-31.xsd#us-gaap_InterestExpense" xlink:label="loc_InterestExpense" />
    <calculationArc xlink:type="arc" xlink:arcrole="http://www.xbrl.org/2003/arcrole/summation-item" xlink:from="loc_IncomeLossFromContinuingOperationsBeforeIncomeTaxesMinorityInterestAndIncomeLossFromEquityMethodInvestments" xlink:to="loc_InterestExpense" order="60" use="optional" weight="-1" priority="1" />
    <loc xlink:type="locator" xlink:href="http://taxonomies.xbrl.us/us-gaap/2009/elts/us-gaap-2009-01-31.xsd#us-gaap_GainsLossesOnExtinguishmentOfDebt" xlink:label="loc_GainsLossesOnExtinguishmentOfDebt" />
    <calculationArc xlink:type="arc" xlink:arcrole="http://www.xbrl.org/2003/arcrole/summation-item" xlink:from="loc_IncomeLossFromContinuingOperationsBeforeIncomeTaxesMinorityInterestAndIncomeLossFromEquityMethodInvestments" xlink:to="loc_GainsLossesOnExtinguishmentOfDebt" order="80" use="optional" weight="1" />
    <loc xlink:type="locator" xlink:href="http://taxonomies.xbrl.us/us-gaap/2009/elts/us-gaap-2009-01-31.xsd#us-gaap_BusinessCombinationAcquisitionRelatedCosts" xlink:label="loc_BusinessCombinationAcquisitionRelatedCosts" />
    <calculationArc xlink:type="arc" xlink:arcrole="http://www.xbrl.org/2003/arcrole/summation-item" xlink:from="loc_OperatingIncomeLoss" xlink:to="loc_BusinessCombinationAcquisitionRelatedCosts" order="80" use="optional" weight="-1" priority="1" />
  </calculationLink>
  <calculationLink xlink:type="extended" xlink:role="http://gamestop.com/role/Debt" xlink:title="0209 - Disclosure - Debt" />
  <calculationLink xlink:type="extended" xlink:role="http://gamestop.com/role/IncomeTaxes" xlink:title="0212 - Disclosure - Income Taxes" />
  <calculationLink xlink:type="extended" xlink:role="http://gamestop.com/role/CertainRelationshipsAndRelatedTransactions" xlink:title="0215 - Disclosure - Certain Relationships and Related Transactions" />
  <calculationLink xlink:type="extended" xlink:role="http://gamestop.com/role/CommitmentsAndContingencies" xlink:title="0211 - Disclosure - Commitments and Contingencies" />
  <calculationLink xlink:type="extended" xlink:role="http://gamestop.com/role/SignificantProducts" xlink:title="0216 - Disclosure - Significant Products" />
  <calculationLink xlink:type="extended" xlink:role="http://gamestop.com/role/SegmentInformation" xlink:title="0217 - Disclosure - Segment Information" />
  <calculationLink xlink:type="extended" xlink:role="http://gamestop.com/role/SupplementalCashFlowInformation" xlink:title="0218 - Disclosure - Supplemental Cash Flow Information" />
  <calculationLink xlink:type="extended" xlink:role="http://gamestop.com/role/ConsolidatingFinancialStatements" xlink:title="0220 - Disclosure - Consolidating Financial Statements" />
  <calculationLink xlink:type="extended" xlink:role="http://gamestop.com/role/FairValueMeasurementsAndFinancialInstruments" xlink:title="0205 - Disclosure - Fair Value Measurements and Financial Instruments" />
  <calculationLink xlink:type="extended" xlink:role="http://gamestop.com/role/DocumentAndEntityInformation" xlink:title="00 - Document - Document and Entity Information" />
  <calculationLink xlink:type="extended" xlink:role="http://gamestop.com/role/ComputationOfNetIncomePerCommonShare" xlink:title="0204 - Disclosure - Computation of Net Income per Common Share" />
  <calculationLink xlink:type="extended" xlink:role="http://gamestop.com/role/StatementOfStockholdersEquity" xlink:title="0130 - Statement - Consolidated Statements of Changes in Equity">
    <loc xlink:type="locator" xlink:href="http://taxonomies.xbrl.us/us-gaap/2009/elts/us-gaap-2009-01-31.xsd#us-gaap_AdjustmentsToAdditionalPaidInCapitalSharebasedCompensationRequisiteServicePeriodRecognitionValue" xlink:label="loc_AdjustmentsToAdditionalPaidInCapitalSharebasedCompensationRequisiteServicePeriodRecognitionValue" />
    <loc xlink:type="locator" xlink:href="http://taxonomies.xbrl.us/us-gaap/2009/elts/us-gaap-2009-01-31.xsd#us-gaap_ComprehensiveIncomeNetOfTax" xlink:label="loc_ComprehensiveIncomeNetOfTax" />
    <loc xlink:type="locator" xlink:href="http://taxonomies.xbrl.us/us-gaap/2009/elts/us-gaap-2009-01-31.xsd#us-gaap_ProfitLoss" xlink:label="loc_ProfitLoss" />
    <calculationArc xlink:type="arc" xlink:arcrole="http://www.xbrl.org/2003/arcrole/summation-item" xlink:from="loc_ComprehensiveIncomeNetOfTax" xlink:to="loc_ProfitLoss" order="10" use="optional" weight="1" priority="1" />
    <loc xlink:type="locator" xlink:href="http://taxonomies.xbrl.us/us-gaap/2009/elts/us-gaap-2009-01-31.xsd#us-gaap_OtherComprehensiveIncomeForeignCurrencyTransactionAndTranslationAdjustmentNetOfTaxPeriodIncreaseDecrease" xlink:label="loc_OtherComprehensiveIncomeForeignCurrencyTransactionAndTranslationAdjustmentNetOfTaxPeriodIncreaseDecrease" />
    <calculationArc xlink:type="arc" xlink:arcrole="http://www.xbrl.org/2003/arcrole/summation-item" xlink:from="loc_ComprehensiveIncomeNetOfTax" xlink:to="loc_OtherComprehensiveIncomeForeignCurrencyTransactionAndTranslationAdjustmentNetOfTaxPeriodIncreaseDecrease" order="20" use="optional" weight="1" priority="1" />
    <loc xlink:type="locator" xlink:href="gme-20110129.xsd#gme_ExerciseOfStockOptionsAndIssuanceOfSharesUponVestingOfRestrictedStockGrants" xlink:label="gme_ExerciseOfStockOptionsAndIssuanceOfSharesUponVestingOfRestrictedStockGrants" />
    <loc xlink:type="locator" xlink:href="http://taxonomies.xbrl.us/us-gaap/2009/elts/us-gaap-2009-01-31.xsd#us-gaap_StockRepurchasedDuringPeriodValue" xlink:label="loc_StockRepurchasedDuringPeriodValue" />
  </calculationLink>
  <calculationLink xlink:type="extended" xlink:role="http://gamestop.com/role/StatementOfStockholdersEquityParenthetical" xlink:title="0131 - Statement - Consolidated Statements of Changes in Equity (Parenthetical)" />
  <calculationLink xlink:type="extended" xlink:role="http://gamestop.com/role/StatementsOfCashFlows" xlink:title="0140 - Statement - Consolidated Statements of Cash Flows">
    <loc xlink:type="locator" xlink:href="http://taxonomies.xbrl.us/us-gaap/2009/elts/us-gaap-2009-01-31.xsd#us-gaap_CashAndCashEquivalentsPeriodIncreaseDecrease" xlink:label="loc_CashAndCashEquivalentsPeriodIncreaseDecrease" />
    <loc xlink:type="locator" xlink:href="http://taxonomies.xbrl.us/us-gaap/2009/elts/us-gaap-2009-01-31.xsd#us-gaap_NetCashProvidedByUsedInOperatingActivities" xlink:label="loc_NetCashProvidedByUsedInOperatingActivities" />
    <calculationArc xlink:type="arc" xlink:arcrole="http://www.xbrl.org/2003/arcrole/summation-item" xlink:from="loc_CashAndCashEquivalentsPeriodIncreaseDecrease" xlink:to="loc_NetCashProvidedByUsedInOperatingActivities" order="20" use="optional" weight="1" />
    <loc xlink:type="locator" xlink:href="http://taxonomies.xbrl.us/us-gaap/2009/elts/us-gaap-2009-01-31.xsd#us-gaap_ProfitLoss" xlink:label="loc_ProfitLoss" />
    <calculationArc xlink:type="arc" xlink:arcrole="http://www.xbrl.org/2003/arcrole/summation-item" xlink:from="loc_NetCashProvidedByUsedInOperatingActivities" xlink:to="loc_ProfitLoss" order="20" use="optional" weight="1" />
    <loc xlink:type="locator" xlink:href="http://taxonomies.xbrl.us/us-gaap/2009/elts/us-gaap-2009-01-31.xsd#us-gaap_AmortizationOfFinancingCostsAndDiscounts" xlink:label="loc_AmortizationOfFinancingCostsAndDiscounts" />
    <calculationArc xlink:type="arc" xlink:arcrole="http://www.xbrl.org/2003/arcrole/summation-item" xlink:from="loc_NetCashProvidedByUsedInOperatingActivities" xlink:to="loc_AmortizationOfFinancingCostsAndDiscounts" order="40" use="optional" weight="1" />
    <loc xlink:type="locator" xlink:href="gme-20110129.xsd#gme_PrepaidIncomeTaxesAndAccruedIncomeTaxesPayable" xlink:label="gme_PrepaidIncomeTaxesAndAccruedIncomeTaxesPayable" />
    <calculationArc xlink:type="arc" xlink:arcrole="http://www.xbrl.org/2003/arcrole/summation-item" xlink:from="loc_NetCashProvidedByUsedInOperatingActivities" xlink:to="gme_PrepaidIncomeTaxesAndAccruedIncomeTaxesPayable" order="60" use="optional" weight="-1" priority="1" />
    <loc xlink:type="locator" xlink:href="gme-20110129.xsd#gme_ChangesInOtherLongTermLiabilities" xlink:label="gme_ChangesInOtherLongTermLiabilities" />
    <calculationArc xlink:type="arc" xlink:arcrole="http://www.xbrl.org/2003/arcrole/summation-item" xlink:from="loc_NetCashProvidedByUsedInOperatingActivities" xlink:to="gme_ChangesInOtherLongTermLiabilities" order="80" use="optional" weight="-1" priority="1" />
    <loc xlink:type="locator" xlink:href="http://taxonomies.xbrl.us/us-gaap/2009/elts/us-gaap-2009-01-31.xsd#us-gaap_OtherDepreciationAndAmortization" xlink:label="loc_OtherDepreciationAndAmortization" />
    <calculationArc xlink:type="arc" xlink:arcrole="http://www.xbrl.org/2003/arcrole/summation-item" xlink:from="loc_NetCashProvidedByUsedInOperatingActivities" xlink:to="loc_OtherDepreciationAndAmortization" order="120" use="optional" weight="1" />
    <loc xlink:type="locator" xlink:href="http://taxonomies.xbrl.us/us-gaap/2009/elts/us-gaap-2009-01-31.xsd#us-gaap_ShareBasedCompensation" xlink:label="loc_ShareBasedCompensation" />
    <calculationArc xlink:type="arc" xlink:arcrole="http://www.xbrl.org/2003/arcrole/summation-item" xlink:from="loc_NetCashProvidedByUsedInOperatingActivities" xlink:to="loc_ShareBasedCompensation" order="140" use="optional" weight="1" priority="1" />
    <loc xlink:type="locator" xlink:href="http://taxonomies.xbrl.us/us-gaap/2009/elts/us-gaap-2009-01-31.xsd#us-gaap_DeferredIncomeTaxExpenseBenefit" xlink:label="loc_DeferredIncomeTaxExpenseBenefit" />
    <calculationArc xlink:type="arc" xlink:arcrole="http://www.xbrl.org/2003/arcrole/summation-item" xlink:from="loc_NetCashProvidedByUsedInOperatingActivities" xlink:to="loc_DeferredIncomeTaxExpenseBenefit" order="160" use="optional" weight="1" />
    <loc xlink:type="locator" xlink:href="http://taxonomies.xbrl.us/us-gaap/2009/elts/us-gaap-2009-01-31.xsd#us-gaap_ExcessTaxBenefitFromShareBasedCompensationOperatingActivities" xlink:label="loc_ExcessTaxBenefitFromShareBasedCompensationOperatingActivities" />
    <calculationArc xlink:type="arc" xlink:arcrole="http://www.xbrl.org/2003/arcrole/summation-item" xlink:from="loc_NetCashProvidedByUsedInOperatingActivities" xlink:to="loc_ExcessTaxBenefitFromShareBasedCompensationOperatingActivities" order="180" use="optional" weight="-1" />
    <loc xlink:type="locator" xlink:href="http://taxonomies.xbrl.us/us-gaap/2009/elts/us-gaap-2009-01-31.xsd#us-gaap_GainLossOnSaleOfPropertyPlantEquipment" xlink:label="loc_GainLossOnSaleOfPropertyPlantEquipment" />
    <calculationArc xlink:type="arc" xlink:arcrole="http://www.xbrl.org/2003/arcrole/summation-item" xlink:from="loc_NetCashProvidedByUsedInOperatingActivities" xlink:to="loc_GainLossOnSaleOfPropertyPlantEquipment" order="200" use="optional" weight="-1" />
    <loc xlink:type="locator" xlink:href="http://taxonomies.xbrl.us/us-gaap/2009/elts/us-gaap-2009-01-31.xsd#us-gaap_IncreaseDecreaseInReceivables" xlink:label="loc_IncreaseDecreaseInReceivables" />
    <calculationArc xlink:type="arc" xlink:arcrole="http://www.xbrl.org/2003/arcrole/summation-item" xlink:from="loc_NetCashProvidedByUsedInOperatingActivities" xlink:to="loc_IncreaseDecreaseInReceivables" order="240" use="optional" weight="-1" />
    <loc xlink:type="locator" xlink:href="http://taxonomies.xbrl.us/us-gaap/2009/elts/us-gaap-2009-01-31.xsd#us-gaap_IncreaseDecreaseInInventories" xlink:label="loc_IncreaseDecreaseInInventories" />
    <calculationArc xlink:type="arc" xlink:arcrole="http://www.xbrl.org/2003/arcrole/summation-item" xlink:from="loc_NetCashProvidedByUsedInOperatingActivities" xlink:to="loc_IncreaseDecreaseInInventories" order="260" use="optional" weight="-1" />
    <loc xlink:type="locator" xlink:href="http://taxonomies.xbrl.us/us-gaap/2009/elts/us-gaap-2009-01-31.xsd#us-gaap_IncreaseDecreaseInPrepaidDeferredExpenseAndOtherAssets" xlink:label="loc_IncreaseDecreaseInPrepaidDeferredExpenseAndOtherAssets" />
    <calculationArc xlink:type="arc" xlink:arcrole="http://www.xbrl.org/2003/arcrole/summation-item" xlink:from="loc_NetCashProvidedByUsedInOperatingActivities" xlink:to="loc_IncreaseDecreaseInPrepaidDeferredExpenseAndOtherAssets" order="280" use="optional" weight="-1" />
    <loc xlink:type="locator" xlink:href="http://taxonomies.xbrl.us/us-gaap/2009/elts/us-gaap-2009-01-31.xsd#us-gaap_IncreaseDecreaseInAccountsPayableAndAccruedLiabilities" xlink:label="loc_IncreaseDecreaseInAccountsPayableAndAccruedLiabilities" />
    <calculationArc xlink:type="arc" xlink:arcrole="http://www.xbrl.org/2003/arcrole/summation-item" xlink:from="loc_NetCashProvidedByUsedInOperatingActivities" xlink:to="loc_IncreaseDecreaseInAccountsPayableAndAccruedLiabilities" order="300" use="optional" weight="1" />
    <loc xlink:type="locator" xlink:href="http://taxonomies.xbrl.us/us-gaap/2009/elts/us-gaap-2009-01-31.xsd#us-gaap_NetCashProvidedByUsedInInvestingActivities" xlink:label="loc_NetCashProvidedByUsedInInvestingActivities" />
    <calculationArc xlink:type="arc" xlink:arcrole="http://www.xbrl.org/2003/arcrole/summation-item" xlink:from="loc_CashAndCashEquivalentsPeriodIncreaseDecrease" xlink:to="loc_NetCashProvidedByUsedInInvestingActivities" order="40" use="optional" weight="1" />
    <loc xlink:type="locator" xlink:href="http://taxonomies.xbrl.us/us-gaap/2009/elts/us-gaap-2009-01-31.xsd#us-gaap_PaymentsToAcquireBusinessesNetOfCashAcquired" xlink:label="loc_PaymentsToAcquireBusinessesNetOfCashAcquired" />
    <calculationArc xlink:type="arc" xlink:arcrole="http://www.xbrl.org/2003/arcrole/summation-item" xlink:from="loc_NetCashProvidedByUsedInInvestingActivities" xlink:to="loc_PaymentsToAcquireBusinessesNetOfCashAcquired" order="10" use="optional" weight="-1" />
    <loc xlink:type="locator" xlink:href="http://taxonomies.xbrl.us/us-gaap/2009/elts/us-gaap-2009-01-31.xsd#us-gaap_PaymentsToAcquirePropertyPlantAndEquipment" xlink:label="loc_PaymentsToAcquirePropertyPlantAndEquipment" />
    <calculationArc xlink:type="arc" xlink:arcrole="http://www.xbrl.org/2003/arcrole/summation-item" xlink:from="loc_NetCashProvidedByUsedInInvestingActivities" xlink:to="loc_PaymentsToAcquirePropertyPlantAndEquipment" order="20" use="optional" weight="-1" priority="1" />
    <loc xlink:type="locator" xlink:href="http://taxonomies.xbrl.us/us-gaap/2009/elts/us-gaap-2009-01-31.xsd#us-gaap_PaymentsForProceedsFromOtherInvestingActivities" xlink:label="loc_PaymentsForProceedsFromOtherInvestingActivities" />
    <calculationArc xlink:type="arc" xlink:arcrole="http://www.xbrl.org/2003/arcrole/summation-item" xlink:from="loc_NetCashProvidedByUsedInInvestingActivities" xlink:to="loc_PaymentsForProceedsFromOtherInvestingActivities" order="60" use="optional" weight="-1" />
    <loc xlink:type="locator" xlink:href="http://taxonomies.xbrl.us/us-gaap/2009/elts/us-gaap-2009-01-31.xsd#us-gaap_NetCashProvidedByUsedInFinancingActivities" xlink:label="loc_NetCashProvidedByUsedInFinancingActivities" />
    <calculationArc xlink:type="arc" xlink:arcrole="http://www.xbrl.org/2003/arcrole/summation-item" xlink:from="loc_CashAndCashEquivalentsPeriodIncreaseDecrease" xlink:to="loc_NetCashProvidedByUsedInFinancingActivities" order="60" use="optional" weight="1" />
    <loc xlink:type="locator" xlink:href="http://taxonomies.xbrl.us/us-gaap/2009/elts/us-gaap-2009-01-31.xsd#us-gaap_RepaymentsOfLinesOfCredit" xlink:label="loc_RepaymentsOfLinesOfCredit" />
    <calculationArc xlink:type="arc" xlink:arcrole="http://www.xbrl.org/2003/arcrole/summation-item" xlink:from="loc_NetCashProvidedByUsedInFinancingActivities" xlink:to="loc_RepaymentsOfLinesOfCredit" order="150" use="optional" weight="-1" priority="1" />
    <loc xlink:type="locator" xlink:href="http://taxonomies.xbrl.us/us-gaap/2009/elts/us-gaap-2009-01-31.xsd#us-gaap_ProceedsFromLinesOfCredit" xlink:label="loc_ProceedsFromLinesOfCredit" />
    <calculationArc xlink:type="arc" xlink:arcrole="http://www.xbrl.org/2003/arcrole/summation-item" xlink:from="loc_NetCashProvidedByUsedInFinancingActivities" xlink:to="loc_ProceedsFromLinesOfCredit" order="2.5" use="optional" weight="1" />
    <loc xlink:type="locator" xlink:href="http://taxonomies.xbrl.us/us-gaap/2009/elts/us-gaap-2009-01-31.xsd#us-gaap_PaymentsForRepurchaseOfCommonStock" xlink:label="loc_PaymentsForRepurchaseOfCommonStock" />
    <calculationArc xlink:type="arc" xlink:arcrole="http://www.xbrl.org/2003/arcrole/summation-item" xlink:from="loc_NetCashProvidedByUsedInFinancingActivities" xlink:to="loc_PaymentsForRepurchaseOfCommonStock" order="20" use="optional" weight="-1" />
    <loc xlink:type="locator" xlink:href="http://taxonomies.xbrl.us/us-gaap/2009/elts/us-gaap-2009-01-31.xsd#us-gaap_RepaymentsOfSeniorDebt" xlink:label="loc_RepaymentsOfSeniorDebt" />
    <calculationArc xlink:type="arc" xlink:arcrole="http://www.xbrl.org/2003/arcrole/summation-item" xlink:from="loc_NetCashProvidedByUsedInFinancingActivities" xlink:to="loc_RepaymentsOfSeniorDebt" order="120" use="optional" weight="-1" />
    <loc xlink:type="locator" xlink:href="http://taxonomies.xbrl.us/us-gaap/2009/elts/us-gaap-2009-01-31.xsd#us-gaap_ProceedsFromIssuanceOfSharesUnderIncentiveAndShareBasedCompensationPlansIncludingStockOptions" xlink:label="loc_ProceedsFromIssuanceOfSharesUnderIncentiveAndShareBasedCompensationPlansIncludingStockOptions" />
    <calculationArc xlink:type="arc" xlink:arcrole="http://www.xbrl.org/2003/arcrole/summation-item" xlink:from="loc_NetCashProvidedByUsedInFinancingActivities" xlink:to="loc_ProceedsFromIssuanceOfSharesUnderIncentiveAndShareBasedCompensationPlansIncludingStockOptions" order="160" use="optional" weight="1" />
    <loc xlink:type="locator" xlink:href="http://taxonomies.xbrl.us/us-gaap/2009/elts/us-gaap-2009-01-31.xsd#us-gaap_ExcessTaxBenefitFromShareBasedCompensationFinancingActivities" xlink:label="loc_ExcessTaxBenefitFromShareBasedCompensationFinancingActivities" />
    <calculationArc xlink:type="arc" xlink:arcrole="http://www.xbrl.org/2003/arcrole/summation-item" xlink:from="loc_NetCashProvidedByUsedInFinancingActivities" xlink:to="loc_ExcessTaxBenefitFromShareBasedCompensationFinancingActivities" order="180" use="optional" weight="1" />
    <loc xlink:type="locator" xlink:href="http://taxonomies.xbrl.us/us-gaap/2009/elts/us-gaap-2009-01-31.xsd#us-gaap_ProceedsFromPaymentsForOtherFinancingActivities" xlink:label="loc_ProceedsFromPaymentsForOtherFinancingActivities" />
    <calculationArc xlink:type="arc" xlink:arcrole="http://www.xbrl.org/2003/arcrole/summation-item" xlink:from="loc_NetCashProvidedByUsedInFinancingActivities" xlink:to="loc_ProceedsFromPaymentsForOtherFinancingActivities" order="200" use="optional" weight="1" />
    <loc xlink:type="locator" xlink:href="http://taxonomies.xbrl.us/us-gaap/2009/elts/us-gaap-2009-01-31.xsd#us-gaap_EffectOfExchangeRateOnCashAndCashEquivalents" xlink:label="loc_EffectOfExchangeRateOnCashAndCashEquivalents" />
    <calculationArc xlink:type="arc" xlink:arcrole="http://www.xbrl.org/2003/arcrole/summation-item" xlink:from="loc_CashAndCashEquivalentsPeriodIncreaseDecrease" xlink:to="loc_EffectOfExchangeRateOnCashAndCashEquivalents" order="80" use="optional" weight="1" />
    <loc xlink:type="locator" xlink:href="http://taxonomies.xbrl.us/us-gaap/2009/elts/us-gaap-2009-01-31.xsd#us-gaap_InventoryWriteDown" xlink:label="loc_InventoryWriteDown" />
    <calculationArc xlink:type="arc" xlink:arcrole="http://www.xbrl.org/2003/arcrole/summation-item" xlink:from="loc_NetCashProvidedByUsedInOperatingActivities" xlink:to="loc_InventoryWriteDown" order="130" use="optional" weight="1" priority="1" />
    <loc xlink:type="locator" xlink:href="http://taxonomies.xbrl.us/us-gaap/2009/elts/us-gaap-2009-01-31.xsd#us-gaap_ProceedsFromIssuanceOfLongTermDebt" xlink:label="loc_ProceedsFromIssuanceOfLongTermDebt" />
    <calculationArc xlink:type="arc" xlink:arcrole="http://www.xbrl.org/2003/arcrole/summation-item" xlink:from="loc_NetCashProvidedByUsedInFinancingActivities" xlink:to="loc_ProceedsFromIssuanceOfLongTermDebt" order="140" use="optional" weight="1" priority="1" />
    <loc xlink:type="locator" xlink:href="http://taxonomies.xbrl.us/us-gaap/2009/elts/us-gaap-2009-01-31.xsd#us-gaap_RepaymentsOfLongTermDebt" xlink:label="loc_RepaymentsOfLongTermDebt" />
    <calculationArc xlink:type="arc" xlink:arcrole="http://www.xbrl.org/2003/arcrole/summation-item" xlink:from="loc_NetCashProvidedByUsedInFinancingActivities" xlink:to="loc_RepaymentsOfLongTermDebt" order="145" use="optional" weight="-1" priority="1" />
  </calculationLink>
  <calculationLink xlink:type="extended" xlink:role="http://gamestop.com/role/SummaryOfSignificantAccountingPolicies" xlink:title="0201 - Disclosure - Summary of Significant Accounting Policies" />
  <calculationLink xlink:type="extended" xlink:role="http://gamestop.com/role/Acquisitions" xlink:title="0202 - Disclosure - Acquisitions" />
  <calculationLink xlink:type="extended" xlink:role="http://gamestop.com/role/VendorArrangements" xlink:title="0203 - Disclosure - Vendor Arrangements" />
  <calculationLink xlink:type="extended" xlink:role="http://gamestop.com/role/ReceivablesNet" xlink:title="0206 - Disclosure - Receivables, Net" />
  <calculationLink xlink:type="extended" xlink:role="http://gamestop.com/role/AccruedLiabilities" xlink:title="0207 - Disclosure - Accrued Liabilities" />
  <calculationLink xlink:type="extended" xlink:role="http://gamestop.com/role/GoodwillIntangibleAssetsAndDeferredFinancingFees" xlink:title="0208 - Disclosure - Goodwill Intangible Assets and Deferred Financing Fees" />
  <calculationLink xlink:type="extended" xlink:role="http://gamestop.com/role/Leases" xlink:title="0209 - Disclosure - Leases" />
  <calculationLink xlink:type="extended" xlink:role="http://gamestop.com/role/StockIncentivePlan" xlink:title="0213 - Disclosure - Stock Incentive Plan" />
  <calculationLink xlink:type="extended" xlink:role="http://gamestop.com/role/EmployeesDefinedContributionPlan" xlink:title="0214 - Disclosure - Employees' Defined Contribution Plan" />
  <calculationLink xlink:type="extended" xlink:role="http://gamestop.com/role/ShareholdersEquity" xlink:title="0219 - Disclosure - Shareholders' Equity" />
  <calculationLink xlink:type="extended" xlink:role="http://gamestop.com/role/QuarterlyFinancialInformation" xlink:title="0221 - Disclosure - Unaudited Quarterly Financial Information" />
  <calculationLink xlink:type="extended" xlink:role="http://gamestop.com/role/ValuationAndQualifyingAccounts" xlink:title="0301 - Schedule - Valuation and Qualifying Accounts" />
</linkbase>
